Unique_ID,ID,N.ind,species,log,type,density,d15N,d13C,percentN,percentC,C.N,richness,sampled
L-G-10-XYLO-1-1,XYLO-1-1,1,xylo-1,L-G-10,Pinus elliotti,soft,2.5,-22.1,11.3,41.3,3.7,6,4
L-G-10-XYLO-1-10,XYLO-1-10,1,xylo-1,L-G-10,Pinus elliotti,soft,1.6,-23.8,10.1,42.4,4.2,6,4
L-G-10-XYLO-1-11,XYLO-1-11,1,xylo-1,L-G-10,Pinus elliotti,soft,1.6,-22.5,13,46.2,3.6,6,4
L-G-10-XYLO-1-12,XYLO-1-12,1,xylo-1,L-G-10,Pinus elliotti,soft,3.1,-23.4,12.9,47.3,3.7,6,4
L-G-10-XYLO-1-13,XYLO-1-13,1,xylo-1,L-G-10,Pinus elliotti,soft,3.4,-23.6,12.8,46.3,3.6,6,4
L-G-10-XYLO-1-14,XYLO-1-14,1,xylo-1,L-G-10,Pinus elliotti,soft,0.8,-22.6,10.1,42,4.2,6,4
L-G-10-XYLO-1-15,XYLO-1-15,1,xylo-1,L-G-10,Pinus elliotti,soft,3,-24.4,10.5,43.5,4.1,6,4
L-G-10-XYLO-1-2,XYLO-1-2,1,xylo-1,L-G-10,Pinus elliotti,soft,2.5,-22.7,10.9,42.9,3.9,6,4
L-G-10-XYLO-1-3,XYLO-1-3,1,xylo-1,L-G-10,Pinus elliotti,soft,2,-22.9,11.8,42.5,3.6,6,4
L-G-10-XYLO-1-4,XYLO-1-4,1,xylo-1,L-G-10,Pinus elliotti,soft,1.9,-23,11.1,42.5,3.8,6,4
L-G-10-XYLO-1-5,XYLO-1-5,1,xylo-1,L-G-10,Pinus elliotti,soft,1.4,-22.1,12.8,45.5,3.6,6,4
L-G-10-XYLO-1-6,XYLO-1-6,1,xylo-1,L-G-10,Pinus elliotti,soft,3.1,-22.7,13,45.3,3.5,6,4
L-G-10-XYLO-1-7,XYLO-1-7,1,xylo-1,L-G-10,Pinus elliotti,soft,2,-22.5,9.5,39.2,4.1,6,4
L-G-10-XYLO-1-8,XYLO-1-8,1,xylo-1,L-G-10,Pinus elliotti,soft,2.5,-23,13,46.5,3.6,6,4
L-G-10-XYLO-1-9,XYLO-1-9,1,xylo-1,L-G-10,Pinus elliotti,soft,2.8,-22.6,13.3,47.6,3.6,6,4
L-G-10-XYLO-4-1,XYLO-4-1,1,xylo-1,L-G-10,Pinus elliotti,soft,2.4,-22.7,11.2,41,3.7,6,4
L-G-10-XYLO-4-10,XYLO-4-10,1,xylo-1,L-G-10,Pinus elliotti,soft,2.5,-22.8,10.9,42.3,3.9,6,4
L-G-10-XYLO-4-11,XYLO-4-11,1,xylo-1,L-G-10,Pinus elliotti,soft,2.4,-22.4,12.5,47,3.8,6,4
L-G-10-XYLO-4-12,XYLO-4-12,1,xylo-1,L-G-10,Pinus elliotti,soft,1.2,-23.2,12.6,45,3.6,6,4
L-G-10-XYLO-4-13,XYLO-4-13,1,xylo-1,L-G-10,Pinus elliotti,soft,3.4,-23.6,12,45.3,3.8,6,4
L-G-10-XYLO-4-14,XYLO-4-14,1,xylo-1,L-G-10,Pinus elliotti,soft,0.6,-22.2,11.5,43.7,3.8,6,4
L-G-10-XYLO-4-15,XYLO-4-15,1,xylo-1,L-G-10,Pinus elliotti,soft,1.3,-22.8,11.4,44.5,3.9,6,4
L-G-10-XYLO-4-2,XYLO-4-2,1,xylo-1,L-G-10,Pinus elliotti,soft,2.6,-22.4,10.5,42.4,4,6,4
L-G-10-XYLO-4-3,XYLO-4-3,1,xylo-1,L-G-10,Pinus elliotti,soft,2.6,-22.3,12.9,45.6,3.5,6,4
L-G-10-XYLO-4-4,XYLO-4-4,1,xylo-1,L-G-10,Pinus elliotti,soft,1.5,-22.6,12.4,45.5,3.7,6,4
L-G-10-XYLO-4-5,XYLO-4-5,1,xylo-1,L-G-10,Pinus elliotti,soft,2.4,-22.3,11.7,44.5,3.8,6,4
L-G-10-XYLO-4-6,XYLO-4-6,1,xylo-1,L-G-10,Pinus elliotti,soft,2.9,-23.7,10.5,39.1,3.7,6,4
L-G-10-XYLO-4-7,XYLO-4-7,1,xylo-1,L-G-10,Pinus elliotti,soft,2.3,-22,11.5,43.1,3.7,6,4
L-G-10-XYLO-4-8,XYLO-4-8,1,xylo-1,L-G-10,Pinus elliotti,soft,3.1,-22.3,11.4,41.1,3.6,6,4
L-G-10-XYLO-4-9,XYLO-4-9,1,xylo-1,L-G-10,Pinus elliotti,soft,2.2,-22.4,10,41.9,4.2,6,4
L-G-10-XYLO-11-1,XYLO-11-1,1,xylo-11,L-G-10,Pinus elliotti,soft,2.2,-25.4,7,50.5,7.2,6,4
L-G-10-XYLO-11-10,XYLO-11-10,1,xylo-11,L-G-10,Pinus elliotti,soft,1.3,-24.5,8.7,52.1,6,6,4
L-G-10-XYLO-11-13,XYLO-11-13,1,xylo-11,L-G-10,Pinus elliotti,soft,1.1,-24.2,9.9,52.9,5.3,6,4
L-G-10-XYLO-11-2,XYLO-11-2,1,xylo-11,L-G-10,Pinus elliotti,soft,2.8,-25.8,5.8,44.5,7.7,6,4
L-G-10-XYLO-11-3,XYLO-11-3,1,xylo-11,L-G-10,Pinus elliotti,soft,2,-24.6,10.4,50,4.8,6,4
L-G-10-XYLO-11-4,XYLO-11-4,1,xylo-11,L-G-10,Pinus elliotti,soft,1.5,-24.8,9.3,49.2,5.3,6,4
L-G-10-XYLO-11-5,XYLO-11-5,1,xylo-11,L-G-10,Pinus elliotti,soft,2.6,-23.4,13.5,48.2,3.6,6,4
L-G-10-XYLO-11-6,XYLO-11-6,1,xylo-11,L-G-10,Pinus elliotti,soft,1.4,-24.5,9,55,6.1,6,4
L-G-10-XYLO-2-1,XYLO-2-1,1,xylo-2,L-G-10,Pinus elliotti,soft,1.8,-23.6,10.3,39.1,3.8,6,4
L-G-10-XYLO-2-10,XYLO-2-10,1,xylo-2,L-G-10,Pinus elliotti,soft,3.8,-23.8,9.2,43.9,4.8,6,4
L-G-10-XYLO-2-11,XYLO-2-11,1,xylo-2,L-G-10,Pinus elliotti,soft,4.1,-24.7,8.8,42.8,4.8,6,4
L-G-10-XYLO-2-12,XYLO-2-12,1,xylo-2,L-G-10,Pinus elliotti,soft,3.6,-22.9,12,46.2,3.9,6,4
L-G-10-XYLO-2-13,XYLO-2-13,1,xylo-2,L-G-10,Pinus elliotti,soft,4.1,-23.6,10,43.4,4.4,6,4
L-G-10-XYLO-2-14,XYLO-2-14,1,xylo-2,L-G-10,Pinus elliotti,soft,3.8,-22.8,10.7,43.1,4,6,4
L-G-10-XYLO-2-15,XYLO-2-15,1,xylo-2,L-G-10,Pinus elliotti,soft,3.9,-24.5,11.3,45.3,4,6,4
L-G-10-XYLO-2-2,XYLO-2-2,1,xylo-2,L-G-10,Pinus elliotti,soft,3.8,-23.7,10.8,45.6,4.2,6,4
L-G-10-XYLO-2-3,XYLO-2-3,1,xylo-2,L-G-10,Pinus elliotti,soft,4.5,-23.5,11.7,44.3,3.8,6,4
L-G-10-XYLO-2-4,XYLO-2-4,1,xylo-2,L-G-10,Pinus elliotti,soft,2.9,-25.5,8.4,48.7,5.8,6,4
L-G-10-XYLO-2-5,XYLO-2-5,1,xylo-2,L-G-10,Pinus elliotti,soft,3.3,-25.2,8.8,37.2,4.2,6,4
L-G-10-XYLO-2-6,XYLO-2-6,1,xylo-2,L-G-10,Pinus elliotti,soft,2.4,-24.1,9.5,42,4.4,6,4
L-G-10-XYLO-2-7,XYLO-2-7,1,xylo-2,L-G-10,Pinus elliotti,soft,3.8,-23.6,10.3,46.3,4.5,6,4
L-G-10-XYLO-2-8,XYLO-2-8,1,xylo-2,L-G-10,Pinus elliotti,soft,3.4,-23.5,10.9,46.6,4.3,6,4
L-G-10-XYLO-2-9,XYLO-2-9,1,xylo-2,L-G-10,Pinus elliotti,soft,3.9,-24.7,9.2,48.4,5.2,6,4
L-G-10-XYLO-3-1,XYLO-3-1,1,xylo-3,L-G-10,Pinus elliotti,soft,3.8,-23,13.2,46.9,3.6,6,4
L-G-10-XYLO-3-10,XYLO-3-10,1,xylo-3,L-G-10,Pinus elliotti,soft,3.4,-24.8,11.8,43,3.6,6,4
L-G-10-XYLO-3-11,XYLO-3-11,1,xylo-3,L-G-10,Pinus elliotti,soft,3.8,-23.9,11.9,47.4,4,6,4
L-G-10-XYLO-3-12,XYLO-3-12,1,xylo-3,L-G-10,Pinus elliotti,soft,3.9,-23.5,12.3,46.9,3.8,6,4
L-G-10-XYLO-3-13,XYLO-3-13,1,xylo-3,L-G-10,Pinus elliotti,soft,3.7,-23.2,13.3,46.8,3.5,6,4
L-G-10-XYLO-3-14,XYLO-3-14,1,xylo-3,L-G-10,Pinus elliotti,soft,2.8,-24.3,11.2,47.9,4.3,6,4
L-G-10-XYLO-3-15,XYLO-3-15,1,xylo-3,L-G-10,Pinus elliotti,soft,3.6,-23.1,10.9,47.2,4.3,6,4
L-G-10-XYLO-3-2,XYLO-3-2,1,xylo-3,L-G-10,Pinus elliotti,soft,3.5,-23.4,13.2,47.5,3.6,6,4
L-G-10-XYLO-3-3,XYLO-3-3,1,xylo-3,L-G-10,Pinus elliotti,soft,3.8,-23.2,13.4,47.2,3.5,6,4
L-G-10-XYLO-3-4,XYLO-3-4,1,xylo-3,L-G-10,Pinus elliotti,soft,3.4,-23.4,13.1,46.5,3.5,6,4
L-G-10-XYLO-3-5,XYLO-3-5,1,xylo-3,L-G-10,Pinus elliotti,soft,2.9,-23.7,10.8,46.6,4.3,6,4
L-G-10-XYLO-3-6,XYLO-3-6,1,xylo-3,L-G-10,Pinus elliotti,soft,3.8,-22.6,13.8,47.9,3.5,6,4
L-G-10-XYLO-3-7,XYLO-3-7,1,xylo-3,L-G-10,Pinus elliotti,soft,3.6,-24,12.9,47.6,3.7,6,4
L-G-10-XYLO-3-8,XYLO-3-8,1,xylo-3,L-G-10,Pinus elliotti,soft,2.9,-23.8,13.4,47.2,3.5,6,4
L-G-10-XYLO-3-9,XYLO-3-9,1,xylo-3,L-G-10,Pinus elliotti,soft,2.6,-24.6,12.5,48.5,3.9,6,4
L-G-16-XYLO-1-1,XYLO-1-1,1,xylo-1,L-G-16,Pinus elliotti,soft,3.8,-22.6,12.2,43.7,3.6,5,4
L-G-16-XYLO-1-10,XYLO-1-10,1,xylo-1,L-G-16,Pinus elliotti,soft,2.5,-22.6,10.9,43,3.9,5,4
L-G-16-XYLO-1-11,XYLO-1-11,1,xylo-1,L-G-16,Pinus elliotti,soft,2.9,-23.9,11.6,44.2,3.8,5,4
L-G-16-XYLO-1-12,XYLO-1-12,1,xylo-1,L-G-16,Pinus elliotti,soft,2.6,-24.3,11.5,45.3,3.9,5,4
L-G-16-XYLO-1-13,XYLO-1-13,1,xylo-1,L-G-16,Pinus elliotti,soft,2.6,-22.5,11.3,45.5,4,5,4
L-G-16-XYLO-1-14,XYLO-1-14,1,xylo-1,L-G-16,Pinus elliotti,soft,2.6,-22.4,13.2,47.7,3.6,5,4
L-G-16-XYLO-1-15,XYLO-1-15,1,xylo-1,L-G-16,Pinus elliotti,soft,2.3,-24.2,12.5,45.9,3.7,5,4
L-G-16-XYLO-1-2,XYLO-1-2,1,xylo-1,L-G-16,Pinus elliotti,soft,3.2,-23.1,11.4,43.6,3.8,5,4
L-G-16-XYLO-1-3,XYLO-1-3,1,xylo-1,L-G-16,Pinus elliotti,soft,2.8,-22.6,11.7,43.7,3.7,5,4
L-G-16-XYLO-1-4,XYLO-1-4,1,xylo-1,L-G-16,Pinus elliotti,soft,2.9,-22.8,9.5,40.3,4.2,5,4
L-G-16-XYLO-1-5,XYLO-1-5,1,xylo-1,L-G-16,Pinus elliotti,soft,2.9,-22.6,11.2,41.9,3.8,5,4
L-G-16-XYLO-1-6,XYLO-1-6,1,xylo-1,L-G-16,Pinus elliotti,soft,2.6,-22.6,11.5,45.6,4,5,4
L-G-16-XYLO-1-7,XYLO-1-7,1,xylo-1,L-G-16,Pinus elliotti,soft,2.8,-23.1,10.9,43.9,4,5,4
L-G-16-XYLO-1-8,XYLO-1-8,1,xylo-1,L-G-16,Pinus elliotti,soft,2.9,-22.5,12.8,47.8,3.7,5,4
L-G-16-XYLO-1-9,XYLO-1-9,1,xylo-1,L-G-16,Pinus elliotti,soft,3.4,-22.8,12.3,45.3,3.7,5,4
L-G-16-XYLO-4-1,XYLO-4-1,1,xylo-1,L-G-16,Pinus elliotti,soft,3.8,-23.3,10.8,40.1,3.7,5,4
L-G-16-XYLO-4-10,XYLO-4-10,1,xylo-1,L-G-16,Pinus elliotti,soft,3.2,-22.8,10.9,43.7,4,5,4
L-G-16-XYLO-4-11,XYLO-4-11,1,xylo-1,L-G-16,Pinus elliotti,soft,4,-24.4,11.5,44,3.8,5,4
L-G-16-XYLO-4-12,XYLO-4-12,1,xylo-1,L-G-16,Pinus elliotti,soft,3.2,-23.8,10.6,36.8,3.5,5,4
L-G-16-XYLO-4-13,XYLO-4-13,1,xylo-1,L-G-16,Pinus elliotti,soft,0.3,-22.2,12,43.9,3.7,5,4
L-G-16-XYLO-4-14,XYLO-4-14,1,xylo-1,L-G-16,Pinus elliotti,soft,2.2,-23.1,12.9,49.9,3.9,5,4
L-G-16-XYLO-4-15,XYLO-4-15,1,xylo-1,L-G-16,Pinus elliotti,soft,3.4,-24.2,11.6,44.8,3.9,5,4
L-G-16-XYLO-4-2,XYLO-4-2,1,xylo-1,L-G-16,Pinus elliotti,soft,1.2,-22.8,11.9,44.1,3.7,5,4
L-G-16-XYLO-4-3,XYLO-4-3,1,xylo-1,L-G-16,Pinus elliotti,soft,2.6,-22.4,12.5,44.2,3.5,5,4
L-G-16-XYLO-4-4,XYLO-4-4,1,xylo-1,L-G-16,Pinus elliotti,soft,2.2,-22.7,12.1,45.6,3.8,5,4
L-G-16-XYLO-4-5,XYLO-4-5,1,xylo-1,L-G-16,Pinus elliotti,soft,1.8,-22.6,9.8,36.8,3.8,5,4
L-G-16-XYLO-4-6,XYLO-4-6,1,xylo-1,L-G-16,Pinus elliotti,soft,1.9,-22.6,10.2,37.1,3.6,5,4
L-G-16-XYLO-4-7,XYLO-4-7,1,xylo-1,L-G-16,Pinus elliotti,soft,2.4,-22.7,11.6,44.6,3.9,5,4
L-G-16-XYLO-4-8,XYLO-4-8,1,xylo-1,L-G-16,Pinus elliotti,soft,1.7,-22.8,11.7,41.5,3.5,5,4
L-G-16-XYLO-4-9,XYLO-4-9,1,xylo-1,L-G-16,Pinus elliotti,soft,2.7,-22.5,11.9,42.8,3.6,5,4
L-G-16-XYLO-10-1,XYLO-10-1,1,xylo-10,L-G-16,Pinus elliotti,soft,3.7,-23.7,9.9,38.1,3.8,5,4
L-G-16-XYLO-10-10,XYLO-10-10,1,xylo-10,L-G-16,Pinus elliotti,soft,4.1,-22.2,11.2,42.1,3.8,5,4
L-G-16-XYLO-10-11,XYLO-10-11,1,xylo-10,L-G-16,Pinus elliotti,soft,3.4,-24,11.5,44.3,3.8,5,4
L-G-16-XYLO-10-12,XYLO-10-12,1,xylo-10,L-G-16,Pinus elliotti,soft,2.7,-24.7,9.8,43.9,4.5,5,4
L-G-16-XYLO-10-13,XYLO-10-13,1,xylo-10,L-G-16,Pinus elliotti,soft,3.6,-23.9,12.4,45.9,3.7,5,4
L-G-16-XYLO-10-14,XYLO-10-14,1,xylo-10,L-G-16,Pinus elliotti,soft,3.7,-24.1,11.9,44.8,3.8,5,4
L-G-16-XYLO-10-15,XYLO-10-15,1,xylo-10,L-G-16,Pinus elliotti,soft,3.3,-23.5,12.3,46.5,3.8,5,4
L-G-16-XYLO-10-2,XYLO-10-2,1,xylo-10,L-G-16,Pinus elliotti,soft,2.9,-23.8,11.4,42.8,3.7,5,4
L-G-16-XYLO-10-3,XYLO-10-3,1,xylo-10,L-G-16,Pinus elliotti,soft,3.1,-24.1,11.3,40.8,3.6,5,4
L-G-16-XYLO-10-4,XYLO-10-4,1,xylo-10,L-G-16,Pinus elliotti,soft,3.5,-23,12,45.4,3.8,5,4
L-G-16-XYLO-10-5,XYLO-10-5,1,xylo-10,L-G-16,Pinus elliotti,soft,3.8,-23.6,11.7,43.2,3.7,5,4
L-G-16-XYLO-10-6,XYLO-10-6,1,xylo-10,L-G-16,Pinus elliotti,soft,2.7,-23.3,11.6,43.1,3.7,5,4
L-G-16-XYLO-10-7,XYLO-10-7,1,xylo-10,L-G-16,Pinus elliotti,soft,2.9,-23.8,12.7,47.3,3.7,5,4
L-G-16-XYLO-10-8,XYLO-10-8,1,xylo-10,L-G-16,Pinus elliotti,soft,3.3,-23.3,11,41.1,3.7,5,4
L-G-16-XYLO-10-9,XYLO-10-9,1,xylo-10,L-G-16,Pinus elliotti,soft,3.6,-24.4,11.4,42.2,3.7,5,4
L-G-16-XYLO-11-1,XYLO-11-1,1,xylo-11,L-G-16,Pinus elliotti,soft,2.4,-26.2,6.3,43.4,6.9,5,4
L-G-16-XYLO-11-11;XYLO-11-6,XYLO-11-11;XYLO-11-6,2,xylo-11,L-G-16,Pinus elliotti,soft,2.3,-25.5,8.8,47.1,5.3,5,4
L-G-16-XYLO-11-12;XYLO-11-14,XYLO-11-12;XYLO-11-14,2,xylo-11,L-G-16,Pinus elliotti,soft,2.1,-24.3,6.6,47.5,7.2,5,4
L-G-16-XYLO-11-2,XYLO-11-2,1,xylo-11,L-G-16,Pinus elliotti,soft,1.2,-25.3,9.5,45.6,4.8,5,4
L-G-16-XYLO-11-3,XYLO-11-3,1,xylo-11,L-G-16,Pinus elliotti,soft,2,-25.9,7.6,50.2,6.6,5,4
L-G-16-XYLO-11-4,XYLO-11-4,1,xylo-11,L-G-16,Pinus elliotti,soft,1.6,-25.1,10,51.9,5.2,5,4
L-G-16-XYLO-11-5;XYLO-11-15,XYLO-11-5;XYLO-11-15,2,xylo-11,L-G-16,Pinus elliotti,soft,2,-25.6,8.3,50.3,6.1,5,4
L-G-16-XYLO-11-7;XYLO-11-13,XYLO-11-7;XYLO-11-13,2,xylo-11,L-G-16,Pinus elliotti,soft,1.2,-25,9.3,47.9,5.1,5,4
L-G-16-XYLO-11-8;XYLO-11-10,XYLO-11-8;XYLO-11-10,2,xylo-11,L-G-16,Pinus elliotti,soft,2.2,-25.8,6.9,49.2,7.2,5,4
L-G-16-XYLO-11-8;XYLO-11-9,XYLO-11-8;XYLO-11-9,2,xylo-11,L-G-16,Pinus elliotti,soft,1.9,-25.4,7.4,49.5,6.7,5,4
L-G-16-XYLO-3-1,XYLO-3-1,1,xylo-3,L-G-16,Pinus elliotti,soft,3.9,-23.5,12.3,43.4,3.5,5,4
L-G-16-XYLO-3-10,XYLO-3-10,1,xylo-3,L-G-16,Pinus elliotti,soft,2.1,-23.7,14.1,50.5,3.6,5,4
L-G-16-XYLO-3-11,XYLO-3-11,1,xylo-3,L-G-16,Pinus elliotti,soft,3.7,-24.4,13.3,47.7,3.6,5,4
L-G-16-XYLO-3-12,XYLO-3-12,1,xylo-3,L-G-16,Pinus elliotti,soft,4.4,-24.3,12.6,48.4,3.9,5,4
L-G-16-XYLO-3-13,XYLO-3-13,1,xylo-3,L-G-16,Pinus elliotti,soft,4.1,-22.7,12.5,47.4,3.8,5,4
L-G-16-XYLO-3-14,XYLO-3-14,1,xylo-3,L-G-16,Pinus elliotti,soft,2.1,-22.6,13.2,48.1,3.6,5,4
L-G-16-XYLO-3-15,XYLO-3-15,1,xylo-3,L-G-16,Pinus elliotti,soft,7.5,-24.8,7.4,50.1,6.8,5,4
L-G-16-XYLO-3-2,XYLO-3-2,1,xylo-3,L-G-16,Pinus elliotti,soft,2.8,-22.8,13.7,49.2,3.6,5,4
L-G-16-XYLO-3-3,XYLO-3-3,1,xylo-3,L-G-16,Pinus elliotti,soft,2.9,-25.3,8.7,47.7,5.5,5,4
L-G-16-XYLO-3-4,XYLO-3-4,1,xylo-3,L-G-16,Pinus elliotti,soft,4.6,-24.3,13.2,47.8,3.6,5,4
L-G-16-XYLO-3-5,XYLO-3-5,1,xylo-3,L-G-16,Pinus elliotti,soft,3.7,-23.5,13.4,47.2,3.5,5,4
L-G-16-XYLO-3-6,XYLO-3-6,1,xylo-3,L-G-16,Pinus elliotti,soft,3.8,-22.7,12.6,45.2,3.6,5,4
L-G-16-XYLO-3-7,XYLO-3-7,1,xylo-3,L-G-16,Pinus elliotti,soft,4,-23.3,9.7,48.3,5,5,4
L-G-16-XYLO-3-8,XYLO-3-8,1,xylo-3,L-G-16,Pinus elliotti,soft,3.1,-23.3,13.8,48.7,3.5,5,4
L-G-16-XYLO-3-9,XYLO-3-9,1,xylo-3,L-G-16,Pinus elliotti,soft,3.4,-24.6,11.3,50.7,4.5,5,4
L-G-34-XYLO-1-3,XYLO-1-3,1,xylo-1,L-G-34,Pinus elliotti,soft,3.3,-24.3,9,43.8,4.8,7,5
L-G-34-XYLO-1-1,XYLO-1-1,1,xylo-1,L-G-34,Pinus elliotti,soft,4,-24.8,10.4,49,4.7,7,5
L-G-34-XYLO-1-2,XYLO-1-2,1,xylo-1,L-G-34,Pinus elliotti,soft,4.1,-24.2,12,48.3,4,7,5
L-G-34-XYLO-1-4,XYLO-1-4,1,xylo-1,L-G-34,Pinus elliotti,soft,3.5,-24.4,11.2,46.8,4.2,7,5
L-G-34-XYLO-1-5,XYLO-1-5,1,xylo-1,L-G-34,Pinus elliotti,soft,3.5,-24.7,11.8,50.6,4.3,7,5
L-G-34-XYLO-1-6,XYLO-1-6,1,xylo-1,L-G-34,Pinus elliotti,soft,3.4,-25.2,7,49.5,7.1,7,5
L-G-34-XYLO-1-7,XYLO-1-7,1,xylo-1,L-G-34,Pinus elliotti,soft,3.5,-24.3,10,42.4,4.2,7,5
L-G-34-XYLO-1-8,XYLO-1-8,1,xylo-1,L-G-34,Pinus elliotti,soft,3.3,-24.4,9.7,43.9,4.6,7,5
L-G-34-XYLO-1-9,XYLO-1-9,1,xylo-1,L-G-34,Pinus elliotti,soft,3.6,-24.5,10.5,46.1,4.4,7,5
L-G-34-XYLO-1-10,XYLO-1-10,1,xylo-1,L-G-34,Pinus elliotti,soft,3.1,-24.3,11.1,51.7,4.7,7,5
L-G-34-XYLO-1-11,XYLO-1-11,1,xylo-1,L-G-34,Pinus elliotti,soft,3.2,-24.5,11.8,48.2,4.1,7,5
L-G-34-XYLO-1-12,XYLO-1-12,1,xylo-1,L-G-34,Pinus elliotti,soft,3.6,-24.4,10.1,43.8,4.4,7,5
L-G-34-XYLO-1-13,XYLO-1-13,1,xylo-1,L-G-34,Pinus elliotti,soft,3.3,-25.1,9.6,51.4,5.4,7,5
L-G-34-XYLO-1-14,XYLO-1-14,1,xylo-1,L-G-34,Pinus elliotti,soft,4.2,-23.9,13,49.6,3.8,7,5
L-G-34-XYLO-1-15,XYLO-1-15,1,xylo-1,L-G-34,Pinus elliotti,soft,3.8,-24.9,10.3,45.1,4.4,7,5
L-G-34-XYLO-1-16,XYLO-1-16,1,xylo-1,L-G-34,Pinus elliotti,soft,3.1,-24.2,12,49.3,4.1,7,5
L-G-34-XYLO-1-17,XYLO-1-17,1,xylo-1,L-G-34,Pinus elliotti,soft,3.2,-23.7,10.8,48.1,4.5,7,5
L-G-34-XYLO-1-18,XYLO-1-18,1,xylo-1,L-G-34,Pinus elliotti,soft,2.7,-24.5,8,39,4.9,7,5
L-G-34-XYLO-1-19,XYLO-1-19,1,xylo-1,L-G-34,Pinus elliotti,soft,2.8,-23.7,11.4,49,4.3,7,5
L-G-34-XYLO-1-20,XYLO-1-20,1,xylo-1,L-G-34,Pinus elliotti,soft,2.6,-24.4,11.7,51,4.4,7,5
L-G-34-XYLO-4-3,XYLO-4-3,1,xylo-1,L-G-34,Pinus elliotti,soft,3,-24.1,12.1,53.5,4.4,7,5
L-G-34-XYLO-4-1,XYLO-4-1,1,xylo-1,L-G-34,Pinus elliotti,soft,4.1,-24.4,9.1,41.3,4.5,7,5
L-G-34-XYLO-4-2,XYLO-4-2,1,xylo-1,L-G-34,Pinus elliotti,soft,3.2,-24.9,7.3,39.3,5.4,7,5
L-G-34-XYLO-4-4,XYLO-4-4,1,xylo-1,L-G-34,Pinus elliotti,soft,2.2,-24.6,11.9,50.9,4.3,7,5
L-G-34-XYLO-4-5,XYLO-4-5,1,xylo-1,L-G-34,Pinus elliotti,soft,3.5,-24.5,10.4,45.8,4.4,7,5
L-G-34-XYLO-4-6,XYLO-4-6,1,xylo-1,L-G-34,Pinus elliotti,soft,3.7,-23.4,12.6,48,3.8,7,5
L-G-34-XYLO-4-7,XYLO-4-7,1,xylo-1,L-G-34,Pinus elliotti,soft,2.5,-23.2,11.6,46.1,4,7,5
L-G-34-XYLO-4-8,XYLO-4-8,1,xylo-1,L-G-34,Pinus elliotti,soft,3.2,-24.2,11.1,51.1,4.6,7,5
L-G-34-XYLO-4-9,XYLO-4-9,1,xylo-1,L-G-34,Pinus elliotti,soft,3.5,-24.2,11.8,52,4.4,7,5
L-G-34-XYLO-4-10,XYLO-4-10,1,xylo-1,L-G-34,Pinus elliotti,soft,4,-23.9,8,34.9,4.4,7,5
L-G-34-XYLO-4-11,XYLO-4-11,1,xylo-1,L-G-34,Pinus elliotti,soft,3.7,-24.7,7.3,49.4,6.7,7,5
L-G-34-XYLO-4-12,XYLO-4-12,1,xylo-1,L-G-34,Pinus elliotti,soft,3.3,-23.9,11.5,47.7,4.1,7,5
L-G-34-XYLO-4-13,XYLO-4-13,1,xylo-1,L-G-34,Pinus elliotti,soft,3.6,-24.5,11.2,47,4.2,7,5
L-G-34-XYLO-4-14,XYLO-4-14,1,xylo-1,L-G-34,Pinus elliotti,soft,3.8,-24,11.4,48.5,4.3,7,5
L-G-34-XYLO-4-15,XYLO-4-15,1,xylo-1,L-G-34,Pinus elliotti,soft,3.8,-24.6,10.8,44.8,4.1,7,5
L-G-34-XYLO-4-16,XYLO-4-16,1,xylo-1,L-G-34,Pinus elliotti,soft,4.3,-23.9,6.1,27.5,4.5,7,5
L-G-34-XYLO-4-17,XYLO-4-17,1,xylo-1,L-G-34,Pinus elliotti,soft,3.1,-24.4,10.6,48.4,4.6,7,5
L-G-34-XYLO-4-18,XYLO-4-18,1,xylo-1,L-G-34,Pinus elliotti,soft,2.6,-24.4,11.1,48.6,4.4,7,5
L-G-34-XYLO-4-19,XYLO-4-19,1,xylo-1,L-G-34,Pinus elliotti,soft,3,-24.4,15.9,68.9,4.3,7,5
L-G-34-XYLO-4-20,XYLO-4-20,1,xylo-1,L-G-34,Pinus elliotti,soft,2.7,-24.3,13.7,64.7,4.7,7,5
L-G-34-XYLO-10-1,XYLO-10-1,1,xylo-10,L-G-34,Pinus elliotti,soft,2.8,-23.7,10.8,43.3,4,7,5
L-G-34-XYLO-10-2,XYLO-10-2,1,xylo-10,L-G-34,Pinus elliotti,soft,4.4,-24.1,8.5,40.6,4.8,7,5
L-G-34-XYLO-10-3,XYLO-10-3,1,xylo-10,L-G-34,Pinus elliotti,soft,2.7,-23.7,9.4,43.6,4.6,7,5
L-G-34-XYLO-10-4,XYLO-10-4,1,xylo-10,L-G-34,Pinus elliotti,soft,3.3,-23.7,10.7,46.5,4.3,7,5
L-G-34-XYLO-10-5,XYLO-10-5,1,xylo-10,L-G-34,Pinus elliotti,soft,3.1,-24.4,10.1,45.9,4.6,7,5
L-G-34-XYLO-10-6,XYLO-10-6,1,xylo-10,L-G-34,Pinus elliotti,soft,2.7,-24,10.5,48.4,4.6,7,5
L-G-34-XYLO-10-7,XYLO-10-7,1,xylo-10,L-G-34,Pinus elliotti,soft,3,-24.6,11.5,53,4.6,7,5
L-G-34-XYLO-10-8,XYLO-10-8,1,xylo-10,L-G-34,Pinus elliotti,soft,3.8,-23.3,12.9,49.9,3.9,7,5
L-G-34-XYLO-10-9,XYLO-10-9,1,xylo-10,L-G-34,Pinus elliotti,soft,3.5,-24.3,7.4,33,4.4,7,5
L-G-34-XYLO-11-5,XYLO-11-5,1,xylo-11,L-G-34,Pinus elliotti,soft,2.4,-24.2,11.4,52.6,4.6,7,5
L-G-34-XYLO-11-3,XYLO-11-3,1,xylo-11,L-G-34,Pinus elliotti,soft,2.3,-23,9.8,44.5,4.5,7,5
L-G-34-XYLO-11-7,XYLO-11-7,1,xylo-11,L-G-34,Pinus elliotti,soft,2.9,-23.2,9.6,48.4,5,7,5
L-G-34-XYLO-11-12,XYLO-11-12,1,xylo-11,L-G-34,Pinus elliotti,soft,1.8,-21.7,8.3,47,5.7,7,5
L-G-34-XYLO-11-1,XYLO-11-1,1,xylo-11,L-G-34,Pinus elliotti,soft,1.8,-23.9,10.3,47.2,4.6,7,5
L-G-34-XYLO-11-2,XYLO-11-2,1,xylo-11,L-G-34,Pinus elliotti,soft,2.7,-22.9,7.3,46,6.3,7,5
L-G-34-XYLO-11-4,XYLO-11-4,1,xylo-11,L-G-34,Pinus elliotti,soft,2,-23.2,8.1,47.7,5.9,7,5
L-G-34-XYLO-11-5,XYLO-11-5,1,xylo-11,L-G-34,Pinus elliotti,soft,2.4,-23.5,8.1,47.5,5.9,7,5
L-G-34-XYLO-11-14,XYLO-11-14,1,xylo-11,L-G-34,Pinus elliotti,soft,2.7,-24.1,8.8,47.9,5.4,7,5
L-G-34-XYLO-11-6,XYLO-11-6,1,xylo-11,L-G-34,Pinus elliotti,soft,1,-22.7,7.8,47.1,6,7,5
L-G-34-XYLO-11-8,XYLO-11-8,1,xylo-11,L-G-34,Pinus elliotti,soft,2.1,-22.5,9.6,48.3,5,7,5
L-G-34-XYLO-11-9,XYLO-11-9,1,xylo-11,L-G-34,Pinus elliotti,soft,2,-22.4,9,47.7,5.3,7,5
L-G-34-XYLO-11-10,XYLO-11-10,1,xylo-11,L-G-34,Pinus elliotti,soft,1.6,-22.9,10.6,47.3,4.5,7,5
L-G-34-XYLO-11-11,XYLO-11-11,1,xylo-11,L-G-34,Pinus elliotti,soft,0.5,-24.4,8.1,48.2,5.9,7,5
L-G-34-XYLO-11-13,XYLO-11-13,1,xylo-11,L-G-34,Pinus elliotti,soft,2.4,-22.8,10.1,46.8,4.6,7,5
L-G-34-XYLO-11-16,XYLO-11-16,1,xylo-11,L-G-34,Pinus elliotti,soft,2,-24.1,8.2,47.9,5.8,7,5
L-G-34-XYLO-11-17,XYLO-11-17,1,xylo-11,L-G-34,Pinus elliotti,soft,2.1,-23.6,10.5,45.6,4.4,7,5
L-G-34-XYLO-11-19,XYLO-11-19,1,xylo-11,L-G-34,Pinus elliotti,soft,1.7,-24.8,7.4,48.9,6.6,7,5
L-G-34-XYLO-11-20,XYLO-11-20,1,xylo-11,L-G-34,Pinus elliotti,soft,3,-20.3,13.8,47.4,3.4,7,5
L-G-34-XYLO-2-1,XYLO-2-1,1,xylo-2,L-G-34,Pinus elliotti,soft,5.7,-24.1,10.5,44,4.2,7,5
L-G-34-XYLO-2-10,XYLO-2-10,1,xylo-2,L-G-34,Pinus elliotti,soft,2,-24.2,10.8,52.4,4.9,7,5
L-G-34-XYLO-2-11,XYLO-2-11,1,xylo-2,L-G-34,Pinus elliotti,soft,4.2,-24.8,10,50.1,5,7,5
L-G-34-XYLO-2-12,XYLO-2-12,1,xylo-2,L-G-34,Pinus elliotti,soft,4.7,-24.6,11.2,51.2,4.6,7,5
L-G-34-XYLO-2-13,XYLO-2-13,1,xylo-2,L-G-34,Pinus elliotti,soft,3.3,-25.1,10.7,50.4,4.7,7,5
L-G-34-XYLO-2-14,XYLO-2-14,1,xylo-2,L-G-34,Pinus elliotti,soft,4.1,-24.5,8,39.3,4.9,7,5
L-G-34-XYLO-2-15,XYLO-2-15,1,xylo-2,L-G-34,Pinus elliotti,soft,2.6,-24,10.1,51.3,5.1,7,5
L-G-34-XYLO-2-2,XYLO-2-2,1,xylo-2,L-G-34,Pinus elliotti,soft,5.4,-24.2,11.3,47.3,4.2,7,5
L-G-34-XYLO-2-3,XYLO-2-3,1,xylo-2,L-G-34,Pinus elliotti,soft,4.1,-24.3,11.2,48.3,4.3,7,5
L-G-34-XYLO-2-4,XYLO-2-4,1,xylo-2,L-G-34,Pinus elliotti,soft,4.4,-24.2,10.2,46,4.5,7,5
L-G-34-XYLO-2-5,XYLO-2-5,1,xylo-2,L-G-34,Pinus elliotti,soft,3.9,-24.3,10.1,46.5,4.6,7,5
L-G-34-XYLO-2-6,XYLO-2-6,1,xylo-2,L-G-34,Pinus elliotti,soft,4.3,-23.7,9.7,51.4,5.3,7,5
L-G-34-XYLO-2-7,XYLO-2-7,1,xylo-2,L-G-34,Pinus elliotti,soft,3.8,-24.3,10.6,49.9,4.7,7,5
L-G-34-XYLO-2-8,XYLO-2-8,1,xylo-2,L-G-34,Pinus elliotti,soft,3.4,-24.3,11.1,48.2,4.3,7,5
L-G-34-XYLO-2-9,XYLO-2-9,1,xylo-2,L-G-34,Pinus elliotti,soft,2,-24.3,11,48.9,4.5,7,5
L-G-34-XYLO-3-1,XYLO-3-1,1,xylo-3,L-G-34,Pinus elliotti,soft,3.4,-24,9.4,44.7,4.7,7,5
L-G-34-XYLO-3-10,XYLO-3-10,1,xylo-3,L-G-34,Pinus elliotti,soft,3.5,-24.6,10.2,51.1,5,7,5
L-G-34-XYLO-3-11,XYLO-3-11,1,xylo-3,L-G-34,Pinus elliotti,soft,2.9,-23.9,11.2,48.3,4.3,7,5
L-G-34-XYLO-3-12,XYLO-3-12,1,xylo-3,L-G-34,Pinus elliotti,soft,4.4,-24.7,10.8,51,4.7,7,5
L-G-34-XYLO-3-13,XYLO-3-13,1,xylo-3,L-G-34,Pinus elliotti,soft,4.4,-24.6,10.3,51.8,5,7,5
L-G-34-XYLO-3-14,XYLO-3-14,1,xylo-3,L-G-34,Pinus elliotti,soft,3.8,-24.9,10.5,50.4,4.8,7,5
L-G-34-XYLO-3-15,XYLO-3-15,1,xylo-3,L-G-34,Pinus elliotti,soft,3.6,-24.3,11.9,48.8,4.1,7,5
L-G-34-XYLO-3-2,XYLO-3-2,1,xylo-3,L-G-34,Pinus elliotti,soft,4.8,-24,11.1,46.4,4.2,7,5
L-G-34-XYLO-3-3,XYLO-3-3,1,xylo-3,L-G-34,Pinus elliotti,soft,3.5,-25.4,5.6,47.9,8.6,7,5
L-G-34-XYLO-3-4,XYLO-3-4,1,xylo-3,L-G-34,Pinus elliotti,soft,3.9,-24.7,10.5,49.9,4.8,7,5
L-G-34-XYLO-3-5,XYLO-3-5,1,xylo-3,L-G-34,Pinus elliotti,soft,4.1,-23.7,12.8,49.1,3.8,7,5
L-G-34-XYLO-3-6,XYLO-3-6,1,xylo-3,L-G-34,Pinus elliotti,soft,3.6,-24.2,10.7,50,4.7,7,5
L-G-34-XYLO-3-7,XYLO-3-7,1,xylo-3,L-G-34,Pinus elliotti,soft,4,-25.3,9.1,48.7,5.4,7,5
L-G-34-XYLO-3-8,XYLO-3-8,1,xylo-3,L-G-34,Pinus elliotti,soft,3.3,-25.5,7.5,51.7,6.9,7,5
L-G-34-XYLO-3-9,XYLO-3-9,1,xylo-3,L-G-34,Pinus elliotti,soft,3.8,-25,10.3,51.2,5,7,5
L-G-7-XYLO-1-1,XYLO-1-1,1,xylo-1,L-G-7,Pinus elliotti,soft,3,-22.2,10.8,41.6,3.9,6,5
L-G-7-XYLO-1-10,XYLO-1-10,1,xylo-1,L-G-7,Pinus elliotti,soft,2.7,-22.8,12.5,45.9,3.7,6,5
L-G-7-XYLO-1-11,XYLO-1-11,1,xylo-1,L-G-7,Pinus elliotti,soft,2.1,-22.7,12.2,48.7,4,6,5
L-G-7-XYLO-1-12,XYLO-1-12,1,xylo-1,L-G-7,Pinus elliotti,soft,1,-22.3,10.7,43.6,4.1,6,5
L-G-7-XYLO-1-13,XYLO-1-13,1,xylo-1,L-G-7,Pinus elliotti,soft,2.6,-24,12,45.3,3.8,6,5
L-G-7-XYLO-1-14,XYLO-1-14,1,xylo-1,L-G-7,Pinus elliotti,soft,2.7,-22.7,12.1,47.3,3.9,6,5
L-G-7-XYLO-1-15,XYLO-1-15,1,xylo-1,L-G-7,Pinus elliotti,soft,2.3,-24.5,12.8,47.7,3.7,6,5
L-G-7-XYLO-1-2,XYLO-1-2,1,xylo-1,L-G-7,Pinus elliotti,soft,3,-22.4,12.4,45.7,3.7,6,5
L-G-7-XYLO-1-3,XYLO-1-3,1,xylo-1,L-G-7,Pinus elliotti,soft,2.9,-22.8,11.8,44.5,3.8,6,5
L-G-7-XYLO-1-4,XYLO-1-4,1,xylo-1,L-G-7,Pinus elliotti,soft,3.3,-22.7,12.5,43.4,3.5,6,5
L-G-7-XYLO-1-5,XYLO-1-5,1,xylo-1,L-G-7,Pinus elliotti,soft,3.2,-22.8,12.1,43.6,3.6,6,5
L-G-7-XYLO-1-6,XYLO-1-6,1,xylo-1,L-G-7,Pinus elliotti,soft,1.6,-22.5,10.5,39.7,3.8,6,5
L-G-7-XYLO-1-7,XYLO-1-7,1,xylo-1,L-G-7,Pinus elliotti,soft,1.6,-22.9,11.2,39.2,3.5,6,5
L-G-7-XYLO-1-8,XYLO-1-8,1,xylo-1,L-G-7,Pinus elliotti,soft,2.4,-24.5,12.2,45.3,3.7,6,5
L-G-7-XYLO-1-9,XYLO-1-9,1,xylo-1,L-G-7,Pinus elliotti,soft,2.5,-22.6,10.6,42.5,4,6,5
L-G-7-XYLO-4-1,XYLO-4-1,1,xylo-1,L-G-7,Pinus elliotti,soft,1.9,-23,9.7,37.7,3.9,6,5
L-G-7-XYLO-4-10,XYLO-4-10,1,xylo-1,L-G-7,Pinus elliotti,soft,1.6,-22.3,11.7,41.5,3.5,6,5
L-G-7-XYLO-4-11,XYLO-4-11,1,xylo-1,L-G-7,Pinus elliotti,soft,2.1,-22.2,11.6,40.8,3.5,6,5
L-G-7-XYLO-4-12,XYLO-4-12,1,xylo-1,L-G-7,Pinus elliotti,soft,2.9,-23.3,10.7,41.6,3.9,6,5
L-G-7-XYLO-4-13,XYLO-4-13,1,xylo-1,L-G-7,Pinus elliotti,soft,3,-24.1,11.4,43.7,3.8,6,5
L-G-7-XYLO-4-14,XYLO-4-14,1,xylo-1,L-G-7,Pinus elliotti,soft,2.2,-23.4,11.3,42.6,3.8,6,5
L-G-7-XYLO-4-15,XYLO-4-15,1,xylo-1,L-G-7,Pinus elliotti,soft,2.3,-23.6,12.1,46.4,3.8,6,5
L-G-7-XYLO-4-2,XYLO-4-2,1,xylo-1,L-G-7,Pinus elliotti,soft,2.3,-23.3,9,34.4,3.8,6,5
L-G-7-XYLO-4-3,XYLO-4-3,1,xylo-1,L-G-7,Pinus elliotti,soft,2.6,-23.6,13.5,47.3,3.5,6,5
L-G-7-XYLO-4-4,XYLO-4-4,1,xylo-1,L-G-7,Pinus elliotti,soft,1.2,-22.6,11.4,39.2,3.4,6,5
L-G-7-XYLO-4-5,XYLO-4-5,1,xylo-1,L-G-7,Pinus elliotti,soft,2.2,-22.9,10.8,38.5,3.6,6,5
L-G-7-XYLO-4-6,XYLO-4-6,1,xylo-1,L-G-7,Pinus elliotti,soft,2.9,-23.3,9.1,39.1,4.3,6,5
L-G-7-XYLO-4-7,XYLO-4-7,1,xylo-1,L-G-7,Pinus elliotti,soft,2.2,-23.1,11.5,41.8,3.6,6,5
L-G-7-XYLO-4-8,XYLO-4-8,1,xylo-1,L-G-7,Pinus elliotti,soft,2.4,-22.7,10.3,38.3,3.7,6,5
L-G-7-XYLO-4-9,XYLO-4-9,1,xylo-1,L-G-7,Pinus elliotti,soft,2.1,-22.5,11.8,43,3.6,6,5
L-G-7-XYLO-10-1,XYLO-10-1,1,xylo-10,L-G-7,Pinus elliotti,soft,3.6,-24.2,13.4,46.2,3.5,6,5
L-G-7-XYLO-10-10,XYLO-10-10,1,xylo-10,L-G-7,Pinus elliotti,soft,3.4,-24.4,10.9,42.4,3.9,6,5
L-G-7-XYLO-10-11,XYLO-10-11,1,xylo-10,L-G-7,Pinus elliotti,soft,4.1,-24,13.1,47,3.6,6,5
L-G-7-XYLO-10-12,XYLO-10-12,1,xylo-10,L-G-7,Pinus elliotti,soft,3.2,-23.9,11.4,43.7,3.8,6,5
L-G-7-XYLO-10-13,XYLO-10-13,1,xylo-10,L-G-7,Pinus elliotti,soft,3.3,-23.7,12.6,44.3,3.5,6,5
L-G-7-XYLO-10-14,XYLO-10-14,1,xylo-10,L-G-7,Pinus elliotti,soft,3.3,-24.2,13,47.4,3.6,6,5
L-G-7-XYLO-10-15,XYLO-10-15,1,xylo-10,L-G-7,Pinus elliotti,soft,3.5,-24.1,12.7,45.3,3.6,6,5
L-G-7-XYLO-10-2,XYLO-10-2,1,xylo-10,L-G-7,Pinus elliotti,soft,3.2,-24.5,11.1,41.1,3.7,6,5
L-G-7-XYLO-10-3,XYLO-10-3,1,xylo-10,L-G-7,Pinus elliotti,soft,3.3,-22.8,12.1,44.2,3.7,6,5
L-G-7-XYLO-10-4,XYLO-10-4,1,xylo-10,L-G-7,Pinus elliotti,soft,3.4,-23.2,12.4,43.4,3.5,6,5
L-G-7-XYLO-10-5,XYLO-10-5,1,xylo-10,L-G-7,Pinus elliotti,soft,2.1,-24,12.5,46.1,3.7,6,5
L-G-7-XYLO-10-6,XYLO-10-6,1,xylo-10,L-G-7,Pinus elliotti,soft,3.9,-24.3,12.1,43.9,3.6,6,5
L-G-7-XYLO-10-7,XYLO-10-7,1,xylo-10,L-G-7,Pinus elliotti,soft,2.7,-24,11.7,42.9,3.7,6,5
L-G-7-XYLO-10-8,XYLO-10-8,1,xylo-10,L-G-7,Pinus elliotti,soft,3.2,-24.4,12.2,43.2,3.6,6,5
L-G-7-XYLO-10-9,XYLO-10-9,1,xylo-10,L-G-7,Pinus elliotti,soft,3.7,-24.6,10.3,48,4.7,6,5
L-G-7-XYLO-11-1,XYLO-11-1,1,xylo-11,L-G-7,Pinus elliotti,soft,1.8,-26.1,6.6,50.3,7.6,6,5
L-G-7-XYLO-11-10;XYLO-11-11,XYLO-11-10;XYLO-11-11,2,xylo-11,L-G-7,Pinus elliotti,soft,1.9,-25.5,7.6,51.7,6.8,6,5
L-G-7-XYLO-11-2,XYLO-11-2,1,xylo-11,L-G-7,Pinus elliotti,soft,4.1,-23.8,10.4,48.8,4.7,6,5
L-G-7-XYLO-11-3,XYLO-11-3,1,xylo-11,L-G-7,Pinus elliotti,soft,3.8,-24.5,11.7,48.9,4.2,6,5
L-G-7-XYLO-11-4,XYLO-11-4,1,xylo-11,L-G-7,Pinus elliotti,soft,3.5,-23.1,10.8,48.8,4.5,6,5
L-G-7-XYLO-11-5,XYLO-11-5,1,xylo-11,L-G-7,Pinus elliotti,soft,1.4,-24.1,10.1,50.2,5,6,5
L-G-7-XYLO-11-6;XYLO-11-15,XYLO-11-6;XYLO-11-15,2,xylo-11,L-G-7,Pinus elliotti,soft,3.7,-24.7,10.5,50,4.8,6,5
L-G-7-XYLO-11-7;XYLO-11-14,XYLO-11-7;XYLO-11-14,2,xylo-11,L-G-7,Pinus elliotti,soft,2.2,-24.7,11,51.6,4.7,6,5
L-G-7-XYLO-11-8;XYLO-11-13,XYLO-11-8;XYLO-11-13,2,xylo-11,L-G-7,Pinus elliotti,soft,2,-24.5,11.7,51.5,4.4,6,5
L-G-7-XYLO-11-9;XYLO-11-12,XYLO-11-9;XYLO-11-12,2,xylo-11,L-G-7,Pinus elliotti,soft,3.1,-25.1,9.6,51.7,5.4,6,5
L-G-7-XYLO-2-1,XYLO-2-1,1,xylo-2,L-G-7,Pinus elliotti,soft,3.4,-23.4,10.8,48.5,4.5,6,5
L-G-7-XYLO-2-10,XYLO-2-10,1,xylo-2,L-G-7,Pinus elliotti,soft,3.8,-25,11,48.9,4.4,6,5
L-G-7-XYLO-2-11,XYLO-2-11,1,xylo-2,L-G-7,Pinus elliotti,soft,3.9,-24.7,10.9,47.5,4.4,6,5
L-G-7-XYLO-2-12,XYLO-2-12,1,xylo-2,L-G-7,Pinus elliotti,soft,4.1,-22.4,12.4,47.1,3.8,6,5
L-G-7-XYLO-2-13,XYLO-2-13,1,xylo-2,L-G-7,Pinus elliotti,soft,4,-24.5,11.6,47.2,4.1,6,5
L-G-7-XYLO-2-14,XYLO-2-14,1,xylo-2,L-G-7,Pinus elliotti,soft,4.2,-24.4,11.1,46,4.2,6,5
L-G-7-XYLO-2-2,XYLO-2-2,1,xylo-2,L-G-7,Pinus elliotti,soft,2.6,-25,9.6,48.3,5,6,5
L-G-7-XYLO-2-3,XYLO-2-3,1,xylo-2,L-G-7,Pinus elliotti,soft,3.4,-23.7,11.8,47.6,4,6,5
L-G-7-XYLO-2-4,XYLO-2-4,1,xylo-2,L-G-7,Pinus elliotti,soft,3.2,-24.6,11,47,4.3,6,5
L-G-7-XYLO-2-5,XYLO-2-5,1,xylo-2,L-G-7,Pinus elliotti,soft,3.6,-25.1,9.1,48,5.3,6,5
L-G-7-XYLO-2-6,XYLO-2-6,1,xylo-2,L-G-7,Pinus elliotti,soft,3.9,-24.8,10.1,43.9,4.4,6,5
L-G-7-XYLO-2-7,XYLO-2-7,1,xylo-2,L-G-7,Pinus elliotti,soft,3.9,-24.4,8.5,40.9,4.8,6,5
L-G-7-XYLO-2-8,XYLO-2-8,1,xylo-2,L-G-7,Pinus elliotti,soft,4,-24.4,10.4,40.4,3.9,6,5
L-G-7-XYLO-2-9,XYLO-2-9,1,xylo-2,L-G-7,Pinus elliotti,soft,3.5,-24.9,9.5,47,5,6,5
L-G-7-XYLO-3-1,XYLO-3-1,1,xylo-3,L-G-7,Pinus elliotti,soft,3.8,-23.5,15.1,52.3,3.5,6,5
L-G-7-XYLO-3-10,XYLO-3-10,1,xylo-3,L-G-7,Pinus elliotti,soft,4.2,-24.1,12.4,47.4,3.8,6,5
L-G-7-XYLO-3-11,XYLO-3-11,1,xylo-3,L-G-7,Pinus elliotti,soft,4.1,-24.8,13.4,46.8,3.5,6,5
L-G-7-XYLO-3-12,XYLO-3-12,1,xylo-3,L-G-7,Pinus elliotti,soft,3.2,-24.2,13,47.1,3.6,6,5
L-G-7-XYLO-3-13,XYLO-3-13,1,xylo-3,L-G-7,Pinus elliotti,soft,3.4,-24,12.9,47.7,3.7,6,5
L-G-7-XYLO-3-14,XYLO-3-14,1,xylo-3,L-G-7,Pinus elliotti,soft,4.2,-23.9,13.9,48.1,3.5,6,5
L-G-7-XYLO-3-15,XYLO-3-15,1,xylo-3,L-G-7,Pinus elliotti,soft,4.6,-25.1,11.1,47.7,4.3,6,5
L-G-7-XYLO-3-2,XYLO-3-2,1,xylo-3,L-G-7,Pinus elliotti,soft,2.5,-23.5,12.1,45.2,3.7,6,5
L-G-7-XYLO-3-3,XYLO-3-3,1,xylo-3,L-G-7,Pinus elliotti,soft,3.3,-23.2,10.3,45.2,4.4,6,5
L-G-7-XYLO-3-4,XYLO-3-4,1,xylo-3,L-G-7,Pinus elliotti,soft,3.1,-24.7,12.3,47.6,3.9,6,5
L-G-7-XYLO-3-5,XYLO-3-5,1,xylo-3,L-G-7,Pinus elliotti,soft,3.8,-23.8,11.6,40.4,3.5,6,5
L-G-7-XYLO-3-6,XYLO-3-6,1,xylo-3,L-G-7,Pinus elliotti,soft,2.9,-24.4,11.9,43.5,3.6,6,5
L-G-7-XYLO-3-7,XYLO-3-7,1,xylo-3,L-G-7,Pinus elliotti,soft,3.2,-25,10.3,48.8,4.8,6,5
L-G-7-XYLO-3-8,XYLO-3-8,1,xylo-3,L-G-7,Pinus elliotti,soft,3.1,-24.4,12.9,45.8,3.6,6,5
L-G-7-XYLO-3-9,XYLO-3-9,1,xylo-3,L-G-7,Pinus elliotti,soft,3.4,-24.6,13.1,47.6,3.6,6,5
L-W-22-XYLO-1-1,XYLO-1-1,1,xylo-1,L-W-22,Celtis laevigata,hard,1.6,-22.2,11.8,42,3.6,2,2
L-W-22-XYLO-1-10,XYLO-1-10,1,xylo-1,L-W-22,Celtis laevigata,hard,2.5,-22.4,12.3,44.5,3.6,2,2
L-W-22-XYLO-1-11,XYLO-1-11,1,xylo-1,L-W-22,Celtis laevigata,hard,1.5,-22.4,11.5,43.7,3.8,2,2
L-W-22-XYLO-1-12,XYLO-1-12,1,xylo-1,L-W-22,Celtis laevigata,hard,1.9,-22.6,12.2,49.1,4,2,2
L-W-22-XYLO-1-13,XYLO-1-13,1,xylo-1,L-W-22,Celtis laevigata,hard,3.3,-22.2,11.6,47.9,4.1,2,2
L-W-22-XYLO-1-14,XYLO-1-14,1,xylo-1,L-W-22,Celtis laevigata,hard,2.1,-23.1,12.6,47.3,3.8,2,2
L-W-22-XYLO-1-15,XYLO-1-15,1,xylo-1,L-W-22,Celtis laevigata,hard,2.2,-24,10.8,44.2,4.1,2,2
L-W-22-XYLO-1-2,XYLO-1-2,1,xylo-1,L-W-22,Celtis laevigata,hard,1.3,-21.8,12.7,46.6,3.7,2,2
L-W-22-XYLO-1-3,XYLO-1-3,1,xylo-1,L-W-22,Celtis laevigata,hard,3.4,-23.1,12.3,45.5,3.7,2,2
L-W-22-XYLO-1-4,XYLO-1-4,1,xylo-1,L-W-22,Celtis laevigata,hard,3.3,-22.1,10.3,42.8,4.1,2,2
L-W-22-XYLO-1-5,XYLO-1-5,1,xylo-1,L-W-22,Celtis laevigata,hard,2.6,-22.8,12.7,47.5,3.7,2,2
L-W-22-XYLO-1-6,XYLO-1-6,1,xylo-1,L-W-22,Celtis laevigata,hard,1.3,-23,9.3,40,4.3,2,2
L-W-22-XYLO-1-7,XYLO-1-7,1,xylo-1,L-W-22,Celtis laevigata,hard,2,-23,10.3,49.9,4.8,2,2
L-W-22-XYLO-1-8,XYLO-1-8,1,xylo-1,L-W-22,Celtis laevigata,hard,2.2,-21.6,11.1,44.7,4,2,2
L-W-22-XYLO-1-9,XYLO-1-9,1,xylo-1,L-W-22,Celtis laevigata,hard,1.8,-21.9,11.7,43.3,3.7,2,2
L-W-22-XYLO-4-1,XYLO-4-1,1,xylo-1,L-W-22,Celtis laevigata,hard,2.2,-21.9,10,36.5,3.6,2,2
L-W-22-XYLO-4-10,XYLO-4-10,1,xylo-1,L-W-22,Celtis laevigata,hard,2.6,-21.7,9.1,40.5,4.4,2,2
L-W-22-XYLO-4-11,XYLO-4-11,1,xylo-1,L-W-22,Celtis laevigata,hard,2.9,-23.4,10,41.6,4.2,2,2
L-W-22-XYLO-4-12,XYLO-4-12,1,xylo-1,L-W-22,Celtis laevigata,hard,2.3,-24,8.7,37.8,4.3,2,2
L-W-22-XYLO-4-13,XYLO-4-13,1,xylo-1,L-W-22,Celtis laevigata,hard,2.9,-21,11.3,41.6,3.7,2,2
L-W-22-XYLO-4-14,XYLO-4-14,1,xylo-1,L-W-22,Celtis laevigata,hard,1.7,-22.8,11.5,43.2,3.7,2,2
L-W-22-XYLO-4-15,XYLO-4-15,1,xylo-1,L-W-22,Celtis laevigata,hard,2.8,-23.4,9.2,39.5,4.3,2,2
L-W-22-XYLO-4-2,XYLO-4-2,1,xylo-1,L-W-22,Celtis laevigata,hard,3.1,-23.6,9.2,37.9,4.1,2,2
L-W-22-XYLO-4-3,XYLO-4-3,1,xylo-1,L-W-22,Celtis laevigata,hard,3.1,-22,11.7,43.1,3.7,2,2
L-W-22-XYLO-4-4,XYLO-4-4,1,xylo-1,L-W-22,Celtis laevigata,hard,1.6,-22.4,10.7,46.1,4.3,2,2
L-W-22-XYLO-4-5,XYLO-4-5,1,xylo-1,L-W-22,Celtis laevigata,hard,2.5,-21.6,12,45.5,3.8,2,2
L-W-22-XYLO-4-6,XYLO-4-6,1,xylo-1,L-W-22,Celtis laevigata,hard,2,-21.3,10.5,42.2,4,2,2
L-W-22-XYLO-4-7,XYLO-4-7,1,xylo-1,L-W-22,Celtis laevigata,hard,2.5,-21.2,12,42.7,3.6,2,2
L-W-22-XYLO-4-8,XYLO-4-8,1,xylo-1,L-W-22,Celtis laevigata,hard,2.4,-21.6,10.8,39.6,3.7,2,2
L-W-22-XYLO-4-9,XYLO-4-9,1,xylo-1,L-W-22,Celtis laevigata,hard,1.9,-23.4,11.4,43.8,3.9,2,2
L-W-22-XYLO-3-1,XYLO-3-1,1,xylo-3,L-W-22,Celtis laevigata,hard,3.2,-22.8,13.6,46.6,3.4,2,2
L-W-22-XYLO-3-10,XYLO-3-10,1,xylo-3,L-W-22,Celtis laevigata,hard,2.9,-22.7,12.3,45.7,3.7,2,2
L-W-22-XYLO-3-11,XYLO-3-11,1,xylo-3,L-W-22,Celtis laevigata,hard,3.2,-22.9,13.9,48.2,3.5,2,2
L-W-22-XYLO-3-12,XYLO-3-12,1,xylo-3,L-W-22,Celtis laevigata,hard,2.7,-21.9,13,48.1,3.7,2,2
L-W-22-XYLO-3-13,XYLO-3-13,1,xylo-3,L-W-22,Celtis laevigata,hard,3.1,-23.3,13.1,48.8,3.7,2,2
L-W-22-XYLO-3-14,XYLO-3-14,1,xylo-3,L-W-22,Celtis laevigata,hard,2,-23.7,12.8,48.4,3.8,2,2
L-W-22-XYLO-3-15,XYLO-3-15,1,xylo-3,L-W-22,Celtis laevigata,hard,3.6,-22.8,12.5,45,3.6,2,2
L-W-22-XYLO-3-2,XYLO-3-2,1,xylo-3,L-W-22,Celtis laevigata,hard,3.5,-22.4,12.3,47.6,3.9,2,2
L-W-22-XYLO-3-3,XYLO-3-3,1,xylo-3,L-W-22,Celtis laevigata,hard,2.6,-23.4,11.1,47.9,4.3,2,2
L-W-22-XYLO-3-4,XYLO-3-4,1,xylo-3,L-W-22,Celtis laevigata,hard,3,-23,10.9,41.6,3.8,2,2
L-W-22-XYLO-3-5,XYLO-3-5,1,xylo-3,L-W-22,Celtis laevigata,hard,4,-23.2,12,43.7,3.6,2,2
L-W-22-XYLO-3-6,XYLO-3-6,1,xylo-3,L-W-22,Celtis laevigata,hard,3.6,-24.5,13.1,47.9,3.6,2,2
L-W-22-XYLO-3-7,XYLO-3-7,1,xylo-3,L-W-22,Celtis laevigata,hard,3.9,-23.7,12.4,46.9,3.8,2,2
L-W-22-XYLO-3-8,XYLO-3-8,1,xylo-3,L-W-22,Celtis laevigata,hard,2.7,-24.3,6.5,46.7,7.2,2,2
L-W-22-XYLO-3-9,XYLO-3-9,1,xylo-3,L-W-22,Celtis laevigata,hard,3.2,-22.1,9.4,44.5,4.7,2,2
L-W-25-XYLO-1-4,XYLO-1-4,1,xylo-1,L-W-25,Celtis laevigata,hard,3.3,-22.9,11.1,43.6,3.9,2,2
L-W-25-XYLO-1-5,XYLO-1-5,1,xylo-1,L-W-25,Celtis laevigata,hard,2.3,-22.7,7.7,46.2,6,2,2
L-W-25-XYLO-1-6,XYLO-1-6,1,xylo-1,L-W-25,Celtis laevigata,hard,1.8,-22.2,9.8,43.8,4.5,2,2
L-W-25-XYLO-1-7,XYLO-1-7,1,xylo-1,L-W-25,Celtis laevigata,hard,2,-21.9,12.6,47.3,3.8,2,2
L-W-25-XYLO-1-8,XYLO-1-8,1,xylo-1,L-W-25,Celtis laevigata,hard,2.5,-22.6,10.7,45.9,4.3,2,2
L-W-25-XYLO-1-9,XYLO-1-9,1,xylo-1,L-W-25,Celtis laevigata,hard,1.9,-24.1,11.4,44.1,3.9,2,2
L-W-25-XYLO-1-10,XYLO-1-10,1,xylo-1,L-W-25,Celtis laevigata,hard,3,-22.8,11.3,46.2,4.1,2,2
L-W-25-XYLO-1-11,XYLO-1-11,1,xylo-1,L-W-25,Celtis laevigata,hard,1.6,-23.7,9.9,46.3,4.7,2,2
L-W-25-XYLO-1-12,XYLO-1-12,1,xylo-1,L-W-25,Celtis laevigata,hard,1.7,-22,11.7,48.5,4.2,2,2
L-W-25-XYLO-1-13,XYLO-1-13,1,xylo-1,L-W-25,Celtis laevigata,hard,2.9,-23.5,9.5,47,5,2,2
L-W-25-XYLO-1-14,XYLO-1-14,1,xylo-1,L-W-25,Celtis laevigata,hard,1.2,-21.7,12.3,47.6,3.9,2,2
L-W-25-XYLO-1-15,XYLO-1-15,1,xylo-1,L-W-25,Celtis laevigata,hard,1.4,-21.5,12.7,47.4,3.7,2,2
L-W-25-XYLO-1-16,XYLO-1-16,1,xylo-1,L-W-25,Celtis laevigata,hard,1.8,-23.4,11.7,46.6,4,2,2
L-W-25-XYLO-1-17,XYLO-1-17,1,xylo-1,L-W-25,Celtis laevigata,hard,1,-22.9,10,46.8,4.7,2,2
L-W-25-XYLO-1-18,XYLO-1-18,1,xylo-1,L-W-25,Celtis laevigata,hard,2.6,-24.3,8.6,48.1,5.6,2,2
L-W-25-XYLO-1-19,XYLO-1-19,1,xylo-1,L-W-25,Celtis laevigata,hard,2.2,-21.7,13.6,50.8,3.7,2,2
L-W-25-XYLO-1-20,XYLO-1-20,1,xylo-1,L-W-25,Celtis laevigata,hard,1.8,-22.9,7.1,50,7.1,2,2
L-W-25-XYLO-4-1,XYLO-4-1,1,xylo-1,L-W-25,Celtis laevigata,hard,1.7,-22.4,11.5,41.9,3.7,2,2
L-W-25-XYLO-4-10,XYLO-4-10,1,xylo-1,L-W-25,Celtis laevigata,hard,3,-23.5,11.4,44.9,3.9,2,2
L-W-25-XYLO-4-11,XYLO-4-11,1,xylo-1,L-W-25,Celtis laevigata,hard,1.9,-22.4,9.6,40.8,4.2,2,2
L-W-25-XYLO-4-12,XYLO-4-12,1,xylo-1,L-W-25,Celtis laevigata,hard,1.7,-22.5,12.7,44.1,3.5,2,2
L-W-25-XYLO-4-13,XYLO-4-13,1,xylo-1,L-W-25,Celtis laevigata,hard,1.5,-23.2,10.2,41,4,2,2
L-W-25-XYLO-4-14,XYLO-4-14,1,xylo-1,L-W-25,Celtis laevigata,hard,4,-23,12.3,45.6,3.7,2,2
L-W-25-XYLO-4-15,XYLO-4-15,1,xylo-1,L-W-25,Celtis laevigata,hard,2.1,-23.4,12.9,44.8,3.5,2,2
L-W-25-XYLO-4-16,XYLO-4-16,1,xylo-1,L-W-25,Celtis laevigata,hard,3.3,-23.4,10.7,41.4,3.9,2,2
L-W-25-XYLO-4-17,XYLO-4-17,1,xylo-1,L-W-25,Celtis laevigata,hard,2.9,-23,11.8,46.4,3.9,2,2
L-W-25-XYLO-4-18,XYLO-4-18,1,xylo-1,L-W-25,Celtis laevigata,hard,2.4,-23.8,11.7,44.4,3.8,2,2
L-W-25-XYLO-4-19,XYLO-4-19,1,xylo-1,L-W-25,Celtis laevigata,hard,2,-22.9,9,38.7,4.3,2,2
L-W-25-XYLO-4-2,XYLO-4-2,1,xylo-1,L-W-25,Celtis laevigata,hard,3,-22.1,11.3,39.5,3.5,2,2
L-W-25-XYLO-4-20,XYLO-4-20,1,xylo-1,L-W-25,Celtis laevigata,hard,2.7,-21.7,11.5,45.3,3.9,2,2
L-W-25-XYLO-4-3,XYLO-4-3,1,xylo-1,L-W-25,Celtis laevigata,hard,1.3,-21.2,11.9,44.5,3.8,2,2
L-W-25-XYLO-4-4,XYLO-4-4,1,xylo-1,L-W-25,Celtis laevigata,hard,3.1,-24.1,11.5,44.2,3.8,2,2
L-W-25-XYLO-4-5,XYLO-4-5,1,xylo-1,L-W-25,Celtis laevigata,hard,2.1,-22.9,10.7,42.5,4,2,2
L-W-25-XYLO-4-6,XYLO-4-6,1,xylo-1,L-W-25,Celtis laevigata,hard,3.3,-22.6,11.7,45.5,3.9,2,2
L-W-25-XYLO-4-7,XYLO-4-7,1,xylo-1,L-W-25,Celtis laevigata,hard,2,-22.1,11.5,40.7,3.6,2,2
L-W-25-XYLO-4-8,XYLO-4-8,1,xylo-1,L-W-25,Celtis laevigata,hard,3,-22.5,11.1,44.5,4,2,2
L-W-25-XYLO-4-9,XYLO-4-9,1,xylo-1,L-W-25,Celtis laevigata,hard,1.3,-23.2,12.5,45.6,3.6,2,2
L-W-25-XYLO-3-1,XYLO-3-1,1,xylo-3,L-W-25,Celtis laevigata,hard,1.5,-23.6,10.8,48.9,4.5,2,2
L-W-25-XYLO-3-10,XYLO-3-10,1,xylo-3,L-W-25,Celtis laevigata,hard,2.1,-22.1,13.5,49.3,3.7,2,2
L-W-25-XYLO-3-11,XYLO-3-11,1,xylo-3,L-W-25,Celtis laevigata,hard,1.9,-23,12.2,46.8,3.8,2,2
L-W-25-XYLO-3-12,XYLO-3-12,1,xylo-3,L-W-25,Celtis laevigata,hard,3.5,-22.3,12.3,48.6,3.9,2,2
L-W-25-XYLO-3-13,XYLO-3-13,1,xylo-3,L-W-25,Celtis laevigata,hard,3.3,-21.9,12.9,46.6,3.6,2,2
L-W-25-XYLO-3-14,XYLO-3-14,1,xylo-3,L-W-25,Celtis laevigata,hard,2.3,-22.5,11.9,48.4,4.1,2,2
L-W-25-XYLO-3-15,XYLO-3-15,1,xylo-3,L-W-25,Celtis laevigata,hard,2.3,-23.4,6.2,34.9,5.7,2,2
L-W-25-XYLO-3-16,XYLO-3-16,1,xylo-3,L-W-25,Celtis laevigata,hard,1.8,-23.2,8.4,34.8,4.1,2,2
L-W-25-XYLO-3-17,XYLO-3-17,1,xylo-3,L-W-25,Celtis laevigata,hard,2,-23.2,15.9,62,3.9,2,2
L-W-25-XYLO-3-18,XYLO-3-18,1,xylo-3,L-W-25,Celtis laevigata,hard,1.8,-23.5,8,41.4,5.2,2,2
L-W-25-XYLO-3-19,XYLO-3-19,1,xylo-3,L-W-25,Celtis laevigata,hard,2.9,-23.2,9.4,45.6,4.9,2,2
L-W-25-XYLO-3-2,XYLO-3-2,1,xylo-3,L-W-25,Celtis laevigata,hard,2.2,-22.7,10.1,43.5,4.3,2,2
L-W-25-XYLO-3-20,XYLO-3-20,1,xylo-3,L-W-25,Celtis laevigata,hard,1.5,-25.1,3.5,49.2,14.1,2,2
L-W-25-XYLO-3-3,XYLO-3-3,1,xylo-3,L-W-25,Celtis laevigata,hard,2.7,-24,9.5,49.3,5.2,2,2
L-W-25-XYLO-3-4,XYLO-3-4,1,xylo-3,L-W-25,Celtis laevigata,hard,2.9,-22.3,13.4,48.1,3.6,2,2
L-W-25-XYLO-3-5,XYLO-3-5,1,xylo-3,L-W-25,Celtis laevigata,hard,1.6,-22.6,12.4,46.4,3.8,2,2
L-W-25-XYLO-3-6,XYLO-3-6,1,xylo-3,L-W-25,Celtis laevigata,hard,3.3,-22.2,12.1,46.3,3.8,2,2
L-W-25-XYLO-3-7,XYLO-3-7,1,xylo-3,L-W-25,Celtis laevigata,hard,1.8,-22.6,12.6,45.9,3.6,2,2
L-W-25-XYLO-3-8,XYLO-3-8,1,xylo-3,L-W-25,Celtis laevigata,hard,1.4,-22.6,10.5,41.7,4,2,2
L-W-25-XYLO-3-9,XYLO-3-9,1,xylo-3,L-W-25,Celtis laevigata,hard,3.8,-22.8,11.9,48.9,4.1,2,2
L-W-28-XYLO-1-1,XYLO-1-1,1,xylo-1,L-W-28,Celtis laevigata,hard,1.1,-23.2,11.4,45.6,4,3,3
L-W-28-XYLO-1-10,XYLO-1-10,1,xylo-1,L-W-28,Celtis laevigata,hard,1.3,-23.8,12,46.3,3.9,3,3
L-W-28-XYLO-1-11,XYLO-1-11,1,xylo-1,L-W-28,Celtis laevigata,hard,1,-23.2,11.1,44.9,4.1,3,3
L-W-28-XYLO-1-12,XYLO-1-12,1,xylo-1,L-W-28,Celtis laevigata,hard,1.8,-22.4,10.4,44.3,4.3,3,3
L-W-28-XYLO-1-13,XYLO-1-13,1,xylo-1,L-W-28,Celtis laevigata,hard,1.6,-23.6,10.6,45.2,4.3,3,3
L-W-28-XYLO-1-14,XYLO-1-14,1,xylo-1,L-W-28,Celtis laevigata,hard,0.7,-23.8,11.9,47.6,4,3,3
L-W-28-XYLO-1-15,XYLO-1-15,1,xylo-1,L-W-28,Celtis laevigata,hard,1.5,-23.7,10.2,45.4,4.5,3,3
L-W-28-XYLO-1-2,XYLO-1-2,1,xylo-1,L-W-28,Celtis laevigata,hard,3.4,-23.9,12.6,47,3.7,3,3
L-W-28-XYLO-1-3,XYLO-1-3,1,xylo-1,L-W-28,Celtis laevigata,hard,1.7,-23.8,11.7,46.6,4,3,3
L-W-28-XYLO-1-4,XYLO-1-4,1,xylo-1,L-W-28,Celtis laevigata,hard,1,-23.3,11.7,45.1,3.8,3,3
L-W-28-XYLO-1-5,XYLO-1-5,1,xylo-1,L-W-28,Celtis laevigata,hard,2.8,-23.3,11.7,43,3.7,3,3
L-W-28-XYLO-1-6,XYLO-1-6,1,xylo-1,L-W-28,Celtis laevigata,hard,2,-23.2,12,44.5,3.7,3,3
L-W-28-XYLO-1-7,XYLO-1-7,1,xylo-1,L-W-28,Celtis laevigata,hard,1.1,-23.2,10.8,42.9,4,3,3
L-W-28-XYLO-1-8,XYLO-1-8,1,xylo-1,L-W-28,Celtis laevigata,hard,2,-23.5,10,42,4.2,3,3
L-W-28-XYLO-1-9,XYLO-1-9,1,xylo-1,L-W-28,Celtis laevigata,hard,3.2,-22.6,10.5,43.8,4.2,3,3
L-W-28-XYLO-4-1,XYLO-4-1,1,xylo-1,L-W-28,Celtis laevigata,hard,3,-23,12,43.4,3.6,3,3
L-W-28-XYLO-4-10,XYLO-4-10,1,xylo-1,L-W-28,Celtis laevigata,hard,2.7,-22.5,9.4,38.6,4.1,3,3
L-W-28-XYLO-4-11,XYLO-4-11,1,xylo-1,L-W-28,Celtis laevigata,hard,2.8,-22.7,12.3,45,3.6,3,3
L-W-28-XYLO-4-12,XYLO-4-12,1,xylo-1,L-W-28,Celtis laevigata,hard,1.3,-24.6,5.7,23.3,4.1,3,3
L-W-28-XYLO-4-13,XYLO-4-13,1,xylo-1,L-W-28,Celtis laevigata,hard,3.7,-24.6,10.6,42,4,3,3
L-W-28-XYLO-4-14,XYLO-4-14,1,xylo-1,L-W-28,Celtis laevigata,hard,2.6,-22.6,11.6,45.6,3.9,3,3
L-W-28-XYLO-4-15,XYLO-4-15,1,xylo-1,L-W-28,Celtis laevigata,hard,0.3,-24.5,10.9,45.1,4.1,3,3
L-W-28-XYLO-4-2,XYLO-4-2,1,xylo-1,L-W-28,Celtis laevigata,hard,2.3,-23.4,11.4,42.1,3.7,3,3
L-W-28-XYLO-4-3,XYLO-4-3,1,xylo-1,L-W-28,Celtis laevigata,hard,1.7,-24.3,11.5,48,4.2,3,3
L-W-28-XYLO-4-4,XYLO-4-4,1,xylo-1,L-W-28,Celtis laevigata,hard,1.9,-23.3,11.4,42.6,3.7,3,3
L-W-28-XYLO-4-5,XYLO-4-5,1,xylo-1,L-W-28,Celtis laevigata,hard,2.5,-23.9,11.3,43.6,3.8,3,3
L-W-28-XYLO-4-6,XYLO-4-6,1,xylo-1,L-W-28,Celtis laevigata,hard,2.6,-23.5,9.2,42.3,4.6,3,3
L-W-28-XYLO-4-7,XYLO-4-7,1,xylo-1,L-W-28,Celtis laevigata,hard,3.7,-24.3,11.7,46,3.9,3,3
L-W-28-XYLO-4-8,XYLO-4-8,1,xylo-1,L-W-28,Celtis laevigata,hard,1.8,-24.3,11.5,43,3.7,3,3
L-W-28-XYLO-4-9,XYLO-4-9,1,xylo-1,L-W-28,Celtis laevigata,hard,2.8,-22.8,12,44.4,3.7,3,3
L-W-28-XYLO-11-1;XYLO-11-13;XYLO-11-14,XYLO-11-1;XYLO-11-13;XYLO-11-14,3,xylo-11,L-W-28,Celtis laevigata,hard,1.2,-23.8,5.7,39.8,7,3,3
L-W-28-XYLO-11-2;XYLO-11-15,XYLO-11-2;XYLO-11-15,2,xylo-11,L-W-28,Celtis laevigata,hard,0.9,-24.1,10.5,48.4,4.6,3,3
L-W-28-XYLO-11-3,XYLO-11-3,1,xylo-11,L-W-28,Celtis laevigata,hard,2.2,-24,9.3,44.5,4.8,3,3
L-W-28-XYLO-11-4;XYLO-11-5,XYLO-11-4;XYLO-11-5,2,xylo-11,L-W-28,Celtis laevigata,hard,1.9,-25,6.8,39.3,5.8,3,3
L-W-28-XYLO-11-9;XYLO-11-10;XYLO-11-11;XYLO-11-12;XYLO-11-6;XYLO-11-7;XYLO-11-8,XYLO-11-9;XYLO-11-10;XYLO-11-11;XYLO-11-12;XYLO-11-6;XYLO-11-7;XYLO-11-8,7,xylo-11,L-W-28,Celtis laevigata,hard,1.8,-25.1,7.9,60.4,7.6,3,3
L-W-28-XYLO-3-1,XYLO-3-1,1,xylo-3,L-W-28,Celtis laevigata,hard,3.8,-23.4,12.7,49.1,3.9,3,3
L-W-28-XYLO-3-10,XYLO-3-10,1,xylo-3,L-W-28,Celtis laevigata,hard,2.6,-22.7,11.5,48.8,4.2,3,3
L-W-28-XYLO-3-11,XYLO-3-11,1,xylo-3,L-W-28,Celtis laevigata,hard,2.1,-24.3,11.4,48.7,4.3,3,3
L-W-28-XYLO-3-12,XYLO-3-12,1,xylo-3,L-W-28,Celtis laevigata,hard,3.7,-23.8,13,48.5,3.7,3,3
L-W-28-XYLO-3-13,XYLO-3-13,1,xylo-3,L-W-28,Celtis laevigata,hard,2.2,-22.5,11.4,45.8,4,3,3
L-W-28-XYLO-3-14,XYLO-3-14,1,xylo-3,L-W-28,Celtis laevigata,hard,2.5,-23,11.2,44.2,3.9,3,3
L-W-28-XYLO-3-15,XYLO-3-15,1,xylo-3,L-W-28,Celtis laevigata,hard,1.5,-24,9.6,48.5,5,3,3
L-W-28-XYLO-3-2,XYLO-3-2,1,xylo-3,L-W-28,Celtis laevigata,hard,1.3,-23,12.4,49.2,4,3,3
L-W-28-XYLO-3-3,XYLO-3-3,1,xylo-3,L-W-28,Celtis laevigata,hard,2.8,-23.9,12.7,47.2,3.7,3,3
L-W-28-XYLO-3-4,XYLO-3-4,1,xylo-3,L-W-28,Celtis laevigata,hard,3.7,-24.9,13.1,47.6,3.6,3,3
L-W-28-XYLO-3-5,XYLO-3-5,1,xylo-3,L-W-28,Celtis laevigata,hard,3.2,-22.7,10.6,46.7,4.4,3,3
L-W-28-XYLO-3-6,XYLO-3-6,1,xylo-3,L-W-28,Celtis laevigata,hard,3,-23.5,11.2,47,4.2,3,3
L-W-28-XYLO-3-7,XYLO-3-7,1,xylo-3,L-W-28,Celtis laevigata,hard,3.6,-22.2,13.2,46.9,3.5,3,3
L-W-28-XYLO-3-8,XYLO-3-8,1,xylo-3,L-W-28,Celtis laevigata,hard,3.1,-21.8,13,47.4,3.6,3,3
L-W-28-XYLO-3-9,XYLO-3-9,1,xylo-3,L-W-28,Celtis laevigata,hard,3.7,-22.9,12.3,48.9,4,3,3
L-W-34-XYLO-1-1,XYLO-1-1,1,xylo-1,L-W-34,Celtis laevigata,hard,3.7,-20.6,9.4,33.7,3.6,4,3
L-W-34-XYLO-1-10,XYLO-1-10,1,xylo-1,L-W-34,Celtis laevigata,hard,1.6,-23.2,9.9,40.3,4.1,4,3
L-W-34-XYLO-1-11,XYLO-1-11,1,xylo-1,L-W-34,Celtis laevigata,hard,0.6,-21.7,10.4,40.1,3.9,4,3
L-W-34-XYLO-1-12,XYLO-1-12,1,xylo-1,L-W-34,Celtis laevigata,hard,3.4,-21.4,11.9,42.8,3.6,4,3
L-W-34-XYLO-1-13,XYLO-1-13,1,xylo-1,L-W-34,Celtis laevigata,hard,1.7,-23,13,46.7,3.6,4,3
L-W-34-XYLO-1-14,XYLO-1-14,1,xylo-1,L-W-34,Celtis laevigata,hard,3.4,-20.5,12.8,47,3.7,4,3
L-W-34-XYLO-1-15,XYLO-1-15,1,xylo-1,L-W-34,Celtis laevigata,hard,6.3,-18.5,13.7,43.7,3.2,4,3
L-W-34-XYLO-1-2,XYLO-1-2,1,xylo-1,L-W-34,Celtis laevigata,hard,0.6,-23.3,11.1,40.6,3.6,4,3
L-W-34-XYLO-1-3,XYLO-1-3,1,xylo-1,L-W-34,Celtis laevigata,hard,3.6,-22.7,12.3,42.9,3.5,4,3
L-W-34-XYLO-1-4,XYLO-1-4,1,xylo-1,L-W-34,Celtis laevigata,hard,2.1,-22.7,12.6,47.3,3.8,4,3
L-W-34-XYLO-1-5,XYLO-1-5,1,xylo-1,L-W-34,Celtis laevigata,hard,2.9,-22.5,10.3,41.2,4,4,3
L-W-34-XYLO-1-6,XYLO-1-6,1,xylo-1,L-W-34,Celtis laevigata,hard,3.4,-22.5,12.7,45.3,3.6,4,3
L-W-34-XYLO-1-7,XYLO-1-7,1,xylo-1,L-W-34,Celtis laevigata,hard,2.2,-21.1,13.5,45.5,3.4,4,3
L-W-34-XYLO-1-8,XYLO-1-8,1,xylo-1,L-W-34,Celtis laevigata,hard,1.1,-20.5,10.4,41.6,4,4,3
L-W-34-XYLO-1-9,XYLO-1-9,1,xylo-1,L-W-34,Celtis laevigata,hard,2.1,-23.5,11.2,43.4,3.9,4,3
L-W-34-XYLO-4-1,XYLO-4-1,1,xylo-1,L-W-34,Celtis laevigata,hard,3.3,-21.8,12.6,44.2,3.5,4,3
L-W-34-XYLO-4-10,XYLO-4-10,1,xylo-1,L-W-34,Celtis laevigata,hard,-0.1,-21.8,11,41.5,3.8,4,3
L-W-34-XYLO-4-11,XYLO-4-11,1,xylo-1,L-W-34,Celtis laevigata,hard,2,-21.1,12.3,45.9,3.7,4,3
L-W-34-XYLO-4-12,XYLO-4-12,1,xylo-1,L-W-34,Celtis laevigata,hard,1.1,-20.9,11.4,40.4,3.5,4,3
L-W-34-XYLO-4-13,XYLO-4-13,1,xylo-1,L-W-34,Celtis laevigata,hard,2.2,-20.6,10.9,42.1,3.9,4,3
L-W-34-XYLO-4-14,XYLO-4-14,1,xylo-1,L-W-34,Celtis laevigata,hard,-0.1,-22.3,12.8,45.3,3.5,4,3
L-W-34-XYLO-4-15,XYLO-4-15,1,xylo-1,L-W-34,Celtis laevigata,hard,0.1,-23.2,11.3,45.1,4,4,3
L-W-34-XYLO-4-2,XYLO-4-2,1,xylo-1,L-W-34,Celtis laevigata,hard,2,-20.3,11.4,38.7,3.4,4,3
L-W-34-XYLO-4-3,XYLO-4-3,1,xylo-1,L-W-34,Celtis laevigata,hard,1.9,-20.8,12,40.6,3.4,4,3
L-W-34-XYLO-4-4,XYLO-4-4,1,xylo-1,L-W-34,Celtis laevigata,hard,1.1,-20.5,12,42.9,3.6,4,3
L-W-34-XYLO-4-5,XYLO-4-5,1,xylo-1,L-W-34,Celtis laevigata,hard,2.1,-20.4,13,43.3,3.3,4,3
L-W-34-XYLO-4-6,XYLO-4-6,1,xylo-1,L-W-34,Celtis laevigata,hard,1.9,-20.2,11.7,42.4,3.6,4,3
L-W-34-XYLO-4-7,XYLO-4-7,1,xylo-1,L-W-34,Celtis laevigata,hard,2.8,-21.3,11.4,42.4,3.7,4,3
L-W-34-XYLO-4-8,XYLO-4-8,1,xylo-1,L-W-34,Celtis laevigata,hard,2,-21.2,12.3,43.2,3.5,4,3
L-W-34-XYLO-4-9,XYLO-4-9,1,xylo-1,L-W-34,Celtis laevigata,hard,2.1,-20.4,12.1,43.3,3.6,4,3
L-W-34-XYLO-11-1,XYLO-11-1,1,xylo-11,L-W-34,Celtis laevigata,hard,2.4,-24.2,9.4,43.5,4.7,4,3
L-W-34-XYLO-11-11,XYLO-11-11,1,xylo-11,L-W-34,Celtis laevigata,hard,2.4,-24.5,8.6,52.2,6,4,3
L-W-34-XYLO-11-12,XYLO-11-12,1,xylo-11,L-W-34,Celtis laevigata,hard,2.1,-23.9,10.9,52.1,4.8,4,3
L-W-34-XYLO-11-14;XYLO-11-15,XYLO-11-14;XYLO-11-15,2,xylo-11,L-W-34,Celtis laevigata,hard,1.6,-25.5,7.9,52.9,6.7,4,3
L-W-34-XYLO-11-2,XYLO-11-2,1,xylo-11,L-W-34,Celtis laevigata,hard,1.9,-24.9,9.3,50.6,5.4,4,3
L-W-34-XYLO-11-3,XYLO-11-3,1,xylo-11,L-W-34,Celtis laevigata,hard,1.9,-24.3,10.9,51.8,4.7,4,3
L-W-34-XYLO-11-4,XYLO-11-4,1,xylo-11,L-W-34,Celtis laevigata,hard,1.1,-24.6,7.7,50.8,6.6,4,3
L-W-34-XYLO-11-7,XYLO-11-7,1,xylo-11,L-W-34,Celtis laevigata,hard,2.1,-24.6,10,52.7,5.3,4,3
L-W-34-XYLO-11-8,XYLO-11-8,1,xylo-11,L-W-34,Celtis laevigata,hard,2.3,-24,10.9,52.8,4.9,4,3
L-W-34-XYLO-11-9,XYLO-11-9,1,xylo-11,L-W-34,Celtis laevigata,hard,2.3,-24.6,8.2,50.3,6.2,4,3
L-W-34-XYLO-3-1,XYLO-3-1,1,xylo-3,L-W-34,Celtis laevigata,hard,1.2,-23.3,13.1,46.7,3.6,4,3
L-W-34-XYLO-3-10,XYLO-3-10,1,xylo-3,L-W-34,Celtis laevigata,hard,2.4,-22.3,13.9,47.3,3.4,4,3
L-W-34-XYLO-3-11,XYLO-3-11,1,xylo-3,L-W-34,Celtis laevigata,hard,2.3,-22.2,8.2,43.3,5.3,4,3
L-W-34-XYLO-3-12,XYLO-3-12,1,xylo-3,L-W-34,Celtis laevigata,hard,2.9,-24.5,9.2,49.4,5.3,4,3
L-W-34-XYLO-3-13,XYLO-3-13,1,xylo-3,L-W-34,Celtis laevigata,hard,2,-23.1,12.4,47,3.8,4,3
L-W-34-XYLO-3-14,XYLO-3-14,1,xylo-3,L-W-34,Celtis laevigata,hard,3.3,-23,9.6,46.6,4.9,4,3
L-W-34-XYLO-3-15,XYLO-3-15,1,xylo-3,L-W-34,Celtis laevigata,hard,2.7,-22.2,12.5,48.3,3.9,4,3
L-W-34-XYLO-3-2,XYLO-3-2,1,xylo-3,L-W-34,Celtis laevigata,hard,2.2,-25,7.5,48.2,6.4,4,3
L-W-34-XYLO-3-3,XYLO-3-3,1,xylo-3,L-W-34,Celtis laevigata,hard,1.9,-23.5,10.8,45.8,4.3,4,3
L-W-34-XYLO-3-4,XYLO-3-4,1,xylo-3,L-W-34,Celtis laevigata,hard,2.5,-22.8,11.3,48.4,4.3,4,3
L-W-34-XYLO-3-5,XYLO-3-5,1,xylo-3,L-W-34,Celtis laevigata,hard,2.7,-20.5,11.8,45.6,3.9,4,3
L-W-34-XYLO-3-6,XYLO-3-6,1,xylo-3,L-W-34,Celtis laevigata,hard,1.7,-23,13.6,47.9,3.5,4,3
L-W-34-XYLO-3-7,XYLO-3-7,1,xylo-3,L-W-34,Celtis laevigata,hard,1,-21.7,11.6,46.7,4,4,3
L-W-34-XYLO-3-8,XYLO-3-8,1,xylo-3,L-W-34,Celtis laevigata,hard,1.7,-23.1,12.1,43,3.5,4,3
L-W-34-XYLO-3-9,XYLO-3-9,1,xylo-3,L-W-34,Celtis laevigata,hard,2.7,-23.1,6,48.2,8.1,4,3
L-Y-29-XYLO-5-1,XYLO-5-1,1,xylo-5,L-Y-29,Quercus rubra,hard,1.1,-26.8,13,47.5,3.7,1,1
L-Y-29-XYLO-5-10,XYLO-5-10,1,xylo-5,L-Y-29,Quercus rubra,hard,3.3,-27.2,12.1,47.9,4,1,1
L-Y-29-XYLO-5-11,XYLO-5-11,1,xylo-5,L-Y-29,Quercus rubra,hard,2,-26.8,11.8,47.7,4,1,1
L-Y-29-XYLO-5-12,XYLO-5-12,1,xylo-5,L-Y-29,Quercus rubra,hard,3.1,-26.7,12.2,47,3.9,1,1
L-Y-29-XYLO-5-13,XYLO-5-13,1,xylo-5,L-Y-29,Quercus rubra,hard,3.4,-28.5,10.7,46.9,4.4,1,1
L-Y-29-XYLO-5-14,XYLO-5-14,1,xylo-5,L-Y-29,Quercus rubra,hard,3.6,-27.1,11.3,47.3,4.2,1,1
L-Y-29-XYLO-5-15,XYLO-5-15,1,xylo-5,L-Y-29,Quercus rubra,hard,3.4,-26.7,11.3,45.2,4,1,1
L-Y-29-XYLO-5-16,XYLO-5-16,1,xylo-5,L-Y-29,Quercus rubra,hard,2.4,-28.3,10.8,48.1,4.5,1,1
L-Y-29-XYLO-5-17,XYLO-5-17,1,xylo-5,L-Y-29,Quercus rubra,hard,3.2,-26.8,11.7,48.3,4.1,1,1
L-Y-29-XYLO-5-18,XYLO-5-18,1,xylo-5,L-Y-29,Quercus rubra,hard,1.3,-27.5,11.5,48.7,4.2,1,1
L-Y-29-XYLO-5-19,XYLO-5-19,1,xylo-5,L-Y-29,Quercus rubra,hard,-0.1,-27.4,10.3,46.4,4.5,1,1
L-Y-29-XYLO-5-2,XYLO-5-2,1,xylo-5,L-Y-29,Quercus rubra,hard,3.8,-27,12.6,47.2,3.7,1,1
L-Y-29-XYLO-5-20,XYLO-5-20,1,xylo-5,L-Y-29,Quercus rubra,hard,3.4,-28.5,10.7,48.9,4.6,1,1
L-Y-29-XYLO-5-3,XYLO-5-3,1,xylo-5,L-Y-29,Quercus rubra,hard,1.3,-26.7,12,44.9,3.7,1,1
L-Y-29-XYLO-5-4,XYLO-5-4,1,xylo-5,L-Y-29,Quercus rubra,hard,4.2,-27.2,11.6,43.9,3.8,1,1
L-Y-29-XYLO-5-5,XYLO-5-5,1,xylo-5,L-Y-29,Quercus rubra,hard,3.1,-28.1,12,48.5,4.1,1,1
L-Y-29-XYLO-5-6,XYLO-5-6,1,xylo-5,L-Y-29,Quercus rubra,hard,3.6,-27.1,11.8,48.3,4.1,1,1
L-Y-29-XYLO-5-7,XYLO-5-7,1,xylo-5,L-Y-29,Quercus rubra,hard,3.3,-27.4,11.8,47.4,4,1,1
L-Y-29-XYLO-5-8,XYLO-5-8,1,xylo-5,L-Y-29,Quercus rubra,hard,2.9,-27.2,11.2,47.2,4.2,1,1
L-Y-29-XYLO-5-9,XYLO-5-9,1,xylo-5,L-Y-29,Quercus rubra,hard,2.7,-27.2,12.1,49,4,1,1
L-Y-31-XYLO-5-1,XYLO-5-1,1,xylo-5,L-Y-31,Quercus rubra,hard,2.1,-28.1,11.5,47.2,4.1,2,1
L-Y-31-XYLO-5-10,XYLO-5-10,1,xylo-5,L-Y-31,Quercus rubra,hard,3,-29.4,9.5,47.5,5,2,1
L-Y-31-XYLO-5-11,XYLO-5-11,1,xylo-5,L-Y-31,Quercus rubra,hard,1.9,-28.5,9.7,42.9,4.4,2,1
L-Y-31-XYLO-5-12,XYLO-5-12,1,xylo-5,L-Y-31,Quercus rubra,hard,3.6,-26.7,12.9,47.7,3.7,2,1
L-Y-31-XYLO-5-13,XYLO-5-13,1,xylo-5,L-Y-31,Quercus rubra,hard,2.6,-27.4,12.9,48.6,3.8,2,1
L-Y-31-XYLO-5-14,XYLO-5-14,1,xylo-5,L-Y-31,Quercus rubra,hard,2.1,-28.5,12,48.1,4,2,1
L-Y-31-XYLO-5-15,XYLO-5-15,1,xylo-5,L-Y-31,Quercus rubra,hard,2.6,-27.3,12.5,48.5,3.9,2,1
L-Y-31-XYLO-5-16,XYLO-5-16,1,xylo-5,L-Y-31,Quercus rubra,hard,2,-27.6,12.7,47.8,3.8,2,1
L-Y-31-XYLO-5-17,XYLO-5-17,1,xylo-5,L-Y-31,Quercus rubra,hard,2.9,-27.7,11.5,48.4,4.2,2,1
L-Y-31-XYLO-5-18,XYLO-5-18,1,xylo-5,L-Y-31,Quercus rubra,hard,2.7,-28.8,9.7,44.6,4.6,2,1
L-Y-31-XYLO-5-19,XYLO-5-19,1,xylo-5,L-Y-31,Quercus rubra,hard,2.6,-28.1,9.6,45.6,4.8,2,1
L-Y-31-XYLO-5-2,XYLO-5-2,1,xylo-5,L-Y-31,Quercus rubra,hard,2.8,-28.3,10.3,47.7,4.6,2,1
L-Y-31-XYLO-5-20,XYLO-5-20,1,xylo-5,L-Y-31,Quercus rubra,hard,3.2,-27.7,11.3,48.1,4.2,2,1
L-Y-31-XYLO-5-3,XYLO-5-3,1,xylo-5,L-Y-31,Quercus rubra,hard,3.3,-27.6,12.6,48.4,3.9,2,1
L-Y-31-XYLO-5-4,XYLO-5-4,1,xylo-5,L-Y-31,Quercus rubra,hard,2.7,-28.2,10.4,45.1,4.3,2,1
L-Y-31-XYLO-5-5,XYLO-5-5,1,xylo-5,L-Y-31,Quercus rubra,hard,3,-27.7,10.6,46.7,4.4,2,1
L-Y-31-XYLO-5-6,XYLO-5-6,1,xylo-5,L-Y-31,Quercus rubra,hard,2.4,-28,10.8,48,4.4,2,1
L-Y-31-XYLO-5-7,XYLO-5-7,1,xylo-5,L-Y-31,Quercus rubra,hard,3.7,-27.6,12.9,47.4,3.7,2,1
L-Y-31-XYLO-5-8,XYLO-5-8,1,xylo-5,L-Y-31,Quercus rubra,hard,1.8,-27.5,11.3,46.4,4.1,2,1
L-Y-31-XYLO-5-9,XYLO-5-9,1,xylo-5,L-Y-31,Quercus rubra,hard,1.9,-28.3,10.6,47,4.4,2,1